username,division
gn.batakaduwawest53b,Batakaduwa West 53/B
gn.waligodaihala870a,Waligoda Ihala 870/A
gn.galhenaeast439,Galhena East 439
gn.galewelacentral911a,Galewela Central 911/A
gn.galkumburasouth792c,Galkumbura South 792/C
gn.porativuihala434,Porativu Ihala 434
gn.pallegamuwa25a,Pallegamuwa 25/A
gn.attanagallasouth639a,Attanagalla South 639/A
gn.eppawalacentral417b,Eppawala Central 417/B
gn.walipitiyawest85c,Walipitiya West 85/C
gn.thalakaduwaihala628c,Thalakaduwa Ihala 628/C
gn.musaliwest36a,Musali West 36/A
gn.mahaoyaihala,Maha Oya Ihala
gn.maharanorth248,Mahara North 248
gn.gallecentral795c,Galle Central 795/C
gn.batugalapahala,Batugala Pahala
gn.digagedara,Digagedara
gn.anuradhapura55b,Anuradhapura 55/B
gn.eravurnorth,Eravur North
gn.kudagamuwa832b,Kudagamuwa 832/B
gn.pottuvileast498,Pottuvil East 498
gn.vavuniyasouthsouth579,Vavuniya South South 579
gn.galnewapahala185c,Galnewa Pahala 185/C
gn.elaheraeast,Elahera East
gn.kalutarapahala875a,Kalutara Pahala 875/A
gn.galigamuwanorth26c,Galigamuwa North 26/C
gn.kalpitiyaeast991a,Kalpitiya East 991/A
gn.batugalanorth806b,Batugala North 806/B
gn.nawalagala571b,Nawalagala 571/B
gn.ginioyacentral975c,Ginioya Central 975/C
gn.udaoyacentral865a,Udaoya Central 865/A
gn.batakandasouth,Batakanda South
gn.sudukaduwanorth,Sudukaduwa North
gn.akuressapahala61a,Akuressa Pahala 61/A
gn.waligodasouth765,Waligoda South 765
gn.welimadaeast528c,Welimada East 528/C
gn.yatawattaihala467,Yatawatta Ihala 467
gn.horanacentral159c,Horana Central 159/C
gn.nattandiyaihala292b,Nattandiya Ihala 292/B
gn.soranathotasouth,Soranathota South
gn.gomarankadawala105c,Gomarankadawala 105/C
gn.kandaketiya948,Kandaketiya 948
gn.hinguradeniyapahala71a,Hinguradeniya Pahala 71/A
gn.nintavur68,Nintavur 68
gn.dehiwalasouth625a,Dehiwala South 625/A
gn.addalachchenaipahala574,Addalachchenai Pahala 574
gn.digaoyaihala,Digaoya Ihala
gn.ukuwelasouth376c,Ukuwela South 376/C
gn.thalagamawest496b,Thalagama West 496/B
gn.opanayakaeast455,Opanayaka East 455
gn.karandeniyawest652b,Karandeniya West 652/B
gn.kuruvita,Kuruvita
gn.ambangangacentral902,Ambanganga Central 902
gn.kudadeniyaihala712a,Kudadeniya Ihala 712/A
gn.medaoyaihala,Medaoya Ihala
gn.pelmadullaihala928a,Pelmadulla Ihala 928/A
gn.kaytspahala,Kayts Pahala
gn.kuchchaveli365,Kuchchaveli 365
gn.hangurankethaeast116c,Hanguranketha East 116/C
gn.ihalagamuwaeast408b,Ihalagamuwa East 408/B
gn.hikkaduwasouth,Hikkaduwa South
gn.galgedarawest439b,Galgedara West 439/B
gn.balangodaihala399,Balangoda Ihala 399
gn.medakandaihala,Medakanda Ihala
gn.lahugalacentral,Lahugala Central
gn.angunakolapelessa570c,Angunakolapelessa 570/C
gn.eppawalaihala129,Eppawala Ihala 129
gn.digadeniyacentral444c,Digadeniya Central 444/C
gn.nawalagamawest476,Nawalagama West 476
gn.kaluoyasouth195,Kaluoya South 195
gn.palindanuwaranorth712a,Palindanuwara North 712/A
gn.sudukaduwawest,Sudukaduwa West
gn.lunugalasouth,Lunugala South
gn.matalesouth787,Matale South 787
gn.hingurapuranorth,Hingurapura North
gn.giniwelacentral,Giniwela Central
gn.ratugedarawest749,Ratugedara West 749
gn.wellawayacentral34b,Wellawaya Central 34/B
gn.akuressa333,Akuressa 333
gn.minuwangodaihala,Minuwangoda Ihala
gn.matugamacentral297b,Matugama Central 297/B
gn.lahugalacentral604c,Lahugala Central 604/C
gn.niyagamanorth,Niyagama North
gn.digagamuwaihala963c,Digagamuwa Ihala 963/C
gn.hinguragalaeast117,Hinguragala East 117
gn.ratukanda396c,Ratukanda 396/C
gn.ginioyawest13b,Ginioya West 13/B
gn.rukkaduwanorth647a,Rukkaduwa North 647/A
gn.batapitiyasouth666b,Batapitiya South 666/B
gn.sududeniyaihala257,Sududeniya Ihala 257
gn.udakaduwacentral,Udakaduwa Central
gn.digagodaeast777c,Digagoda East 777/C
gn.ratugamuwaihala209b,Ratugamuwa Ihala 209/B
gn.elpitiyapahala289c,Elpitiya Pahala 289/C
gn.batticaloapahala255c,Batticaloa Pahala 255/C
gn.thamankaduwawest,Thamankaduwa West
gn.rukdeniyapahala494a,Rukdeniya Pahala 494/A
gn.karuwalagaswewa777a,Karuwalagaswewa 777/A
gn.kuliyapitiyanorth746c,Kuliyapitiya North 746/C
gn.kurunegalawest588a,Kurunegala West 588/A
gn.paranamulla398c,Paranamulla 398/C
gn.udamullacentral166c,Udamulla Central 166/C
gn.pahaladeniyacentral45b,Pahaladeniya Central 45/B
gn.kudatota356b,Kudatota 356/B
gn.paranagamuwacentral782,Paranagamuwa Central 782
gn.kalpitiyasouth347,Kalpitiya South 347
gn.nawalagamuwacentral83,Nawalagamuwa Central 83
gn.lunugamveherasouth972b,Lunugamvehera South 972/B
gn.ratugamacentral691,Ratugama Central 691
gn.nawalawatta941c,Nawalawatta 941/C
gn.pahalapuraihala722a,Pahalapura Ihala 722/A
gn.hinguragamanorth336c,Hinguragama North 336/C
gn.yatinuwara881b,Yatinuwara 881/B
gn.vavuniyacentral,Vavuniya Central
gn.rukwattacentral958c,Rukwatta Central 958/C
gn.mahaoyasouth965c,Maha Oya South 965/C
gn.waligamuwawest56c,Waligamuwa West 56/C
gn.pallegamapahala,Pallegama Pahala
gn.karaveddyihala714c,Karaveddy Ihala 714/C
gn.nuwaraeliyapahala720c,Nuwara Eliya Pahala 720/C
gn.kudatotacentral254,Kudatota Central 254
gn.nawalamullawest540b,Nawalamulla West 540/B
gn.nallureast274,Nallur East 274
gn.nawalapuranorth236c,Nawalapura North 236/C
gn.batakumburanorth850a,Batakumbura North 850/A
gn.kudaoyasouth822b,Kudaoya South 822/B
gn.thunukkaisouth299,Thunukkai South 299
gn.malimbadanorth256b,Malimbada North 256/B
gn.digakandaihala521,Digakanda Ihala 521
gn.harispattuwacentral840,Harispattuwa Central 840
gn.paranawelawest764c,Paranawela West 764/C
gn.hinguragamuwaihala47c,Hinguragamuwa Ihala 47/C
gn.digagamuwawest845,Digagamuwa West 845
gn.nintavurpahala191c,Nintavur Pahala 191/C
gn.karandeniyawest,Karandeniya West
gn.walihenanorth685,Walihena North 685
gn.kurunegalanorth693a,Kurunegala North 693/A
gn.thalakumburaihala464,Thalakumbura Ihala 464
gn.ihalagedaraihala625c,Ihalagedara Ihala 625/C
gn.laggalaeast664c,Laggala East 664/C
gn.navagattegamapahala421c,Navagattegama Pahala 421/C
gn.kekirawaihala111b,Kekirawa Ihala 111/B
gn.medagama911c,Medagama 911/C
gn.nikaweratiyapahala450c,Nikaweratiya Pahala 450/C
gn.dodangodaihala143,Dodangoda Ihala 143
gn.kudakumburawest5a,Kudakumbura West 5/A
gn.seruvilapahala796b,Seruvila Pahala 796/B
gn.galgamuwapahala991,Galgamuwa Pahala 991
gn.digamullawest449b,Digamulla West 449/B
gn.paranakumburanorth398a,Paranakumbura North 398/A
gn.batakumburanorth,Batakumbura North
gn.ihalapuraeast85,Ihalapura East 85
gn.galnewaihala250,Galnewa Ihala 250
gn.pointpedronorth816a,Point Pedro North 816/A
gn.neluwanorth142b,Neluwa North 142/B
gn.lunugamveheranorth271b,Lunugamvehera North 271/B
gn.kebithigollewanorth491,Kebithigollewa North 491
gn.thalapitiyaeast471a,Thalapitiya East 471/A
gn.sudukaduwa175c,Sudukaduwa 175/C
gn.kothmalenorth,Kothmale North
gn.malimbadaeast4b,Malimbada East 4/B
gn.galmullaeast642b,Galmulla East 642/B
gn.aluthoyaihala268b,Aluthoya Ihala 268/B
gn.padiyathalawacentral,Padiyathalawa Central
gn.welikandaihala763b,Welikanda Ihala 763/B
gn.palledeniya,Palledeniya
gn.samanthurai760b,Samanthurai 760/B
gn.medadeniyanorth840b,Medadeniya North 840/B
gn.yakkalamullacentral122a,Yakkalamulla Central 122/A
gn.mahakaduwaeast152c,Mahakaduwa East 152/C
gn.madurawela99c,Madurawela 99/C
gn.thalakumburacentral417a,Thalakumbura Central 417/A
gn.neluwanorth,Neluwa North
gn.aluthtotawest,Aluthtota West
gn.ginigodawest660c,Ginigoda West 660/C
gn.nawalaoyapahala597b,Nawalaoya Pahala 597/B
gn.udunuwaranorth754b,Udunuwara North 754/B
gn.batugamasouth94a,Batugama South 94/A
gn.galnewacentral873,Galnewa Central 873
gn.lankapurawest462b,Lankapura West 462/B
gn.elpitiyanorth258a,Elpitiya North 258/A
gn.tangallepahala551,Tangalle Pahala 551
gn.padaviyawest694b,Padaviya West 694/B
gn.udahenaeast616a,Udahena East 616/A
gn.medagedaracentral609a,Medagedara Central 609/A
gn.porativuihala263c,Porativu Ihala 263/C
gn.horowpothanaeast749c,Horowpothana East 749/C
gn.dompepahala609a,Dompe Pahala 609/A
gn.thalakandaeast709a,Thalakanda East 709/A
gn.kalumulla,Kalumulla
gn.paranatotaeast165b,Paranatota East 165/B
gn.rukmullacentral,Rukmulla Central
gn.ginihenaeast282b,Ginihena East 282/B
gn.akmeemanasouth297c,Akmeemana South 297/C
gn.kudamullawest,Kudamulla West
gn.paranamullanorth,Paranamulla North
gn.ratupurawest868,Ratupura West 868
gn.galkaduwacentral710,Galkaduwa Central 710
gn.aluthpitiyaihala69c,Aluthpitiya Ihala 69/C
gn.mundelsouth872b,Mundel South 872/B
gn.kalukandanorth393b,Kalukanda North 393/B
gn.kandaketiyacentral453b,Kandaketiya Central 453/B
gn.welikandacentral839,Welikanda Central 839
gn.porativucentral415c,Porativu Central 415/C
gn.palledeniya112,Palledeniya 112
gn.galewelanorth283c,Galewela North 283/C
gn.udaoyawest377,Udaoya West 377
gn.pachchilaipallieast68a,Pachchilaipalli East 68/A
gn.puttalamsouth872b,Puttalam South 872/B
gn.thalagamawest731,Thalagama West 731
gn.ratupitiyawest664,Ratupitiya West 664
gn.digamullawest358c,Digamulla West 358/C
gn.batapitiyanorth95b,Batapitiya North 95/B
gn.kiriella18a,Kiriella 18/A
gn.batuhenaihala749b,Batuhena Ihala 749/B
gn.ratuwattapahala22c,Ratuwatta Pahala 22/C
gn.velanaipahala393c,Velanai Pahala 393/C
gn.paranawelasouth340,Paranawela South 340
gn.ihalatotapahala498,Ihalatota Pahala 498
gn.mihintaleihala656a,Mihintale Ihala 656/A
gn.waligamaihala863,Waligama Ihala 863
gn.walapanepahala765a,Walapane Pahala 765/A
gn.thalagalawest877,Thalagala West 877
gn.ratugamapahala650c,Ratugama Pahala 650/C
gn.galgamuwacentral636,Galgamuwa Central 636
gn.medawachchiya871a,Medawachchiya 871/A
gn.pahalamulla179c,Pahalamulla 179/C
gn.vavuniyanorthpahala643c,Vavuniya North Pahala 643/C
gn.pointpedropahala110c,Point Pedro Pahala 110/C
gn.mahiyanganayaeast106a,Mahiyanganaya East 106/A
gn.thawalamapahala,Thawalama Pahala
gn.ukuwelaeast126b,Ukuwela East 126/B
gn.eheliyagodawest135a,Eheliyagoda West 135/A
gn.kaluhenapahala,Kaluhena Pahala
gn.udapalatha11a,Udapalatha 11/A
gn.ratugamuwa851c,Ratugamuwa 851/C
gn.agalawattaihala32b,Agalawatta Ihala 32/B
gn.thalagalacentral599,Thalagala Central 599
gn.kataragamasouth,Kataragama South
gn.minuwangodaihala155a,Minuwangoda Ihala 155/A
gn.ambalantotapahala781,Ambalantota Pahala 781
gn.aluthtota291a,Aluthtota 291/A
gn.mutur410c,Mutur 410/C
gn.eheliyagodapahala,Eheliyagoda Pahala
gn.monaragala,Monaragala
gn.kalugamawest404b,Kalugama West 404/B
gn.digapitiyanorth,Digapitiya North
gn.udunuwaracentral149c,Udunuwara Central 149/C
gn.medamullaeast199,Medamulla East 199
gn.kaluoya601b,Kaluoya 601/B
gn.galdeniyapahala,Galdeniya Pahala
gn.yatinuwarasouth,Yatinuwara South
gn.batugamapahala402b,Batugama Pahala 402/B
gn.kalupurasouth793a,Kalupura South 793/A
gn.mahaoyasouth919a,Maha Oya South 919/A
gn.rukpitiyaihala,Rukpitiya Ihala
gn.palleoyacentral490a,Palleoya Central 490/A
gn.hikkaduwacentral,Hikkaduwa Central
gn.habaraduwacentral566c,Habaraduwa Central 566/C
gn.thalapitiyasouth668a,Thalapitiya South 668/A
gn.batakumburacentral125a,Batakumbura Central 125/A
gn.katanacentral,Katana Central
gn.kuchchaveliwest49b,Kuchchaveli West 49/B
gn.padaviyanorth,Padaviya North
gn.pahalagamapahala288,Pahalagama Pahala 288
gn.balangodawest,Balangoda West
gn.batukaduwacentral,Batukaduwa Central
gn.kalutotasouth584c,Kalutota South 584/C
gn.pallamanorth701c,Pallama North 701/C
gn.kundasaleihala392a,Kundasale Ihala 392/A
gn.sandilipaypahala,Sandilipay Pahala
gn.lankapuracentral521,Lankapura Central 521
gn.batugamuwacentral775b,Batugamuwa Central 775/B
gn.yatinuwaracentral912a,Yatinuwara Central 912/A
gn.udakaduwasouth325a,Udakaduwa South 325/A
gn.ambalantotaeast285,Ambalantota East 285
gn.mahaoyacentral31b,Maha Oya Central 31/B
gn.wellawayasouth116a,Wellawaya South 116/A
gn.medakandaihala225a,Medakanda Ihala 225/A
gn.ratugedaracentral811c,Ratugedara Central 811/C
gn.hakmanapahala569,Hakmana Pahala 569
gn.ginikaduwacentral814a,Ginikaduwa Central 814/A
gn.hingurawattaihala922c,Hingurawatta Ihala 922/C
gn.kesbewaeast,Kesbewa East
gn.digawela82b,Digawela 82/B
gn.uvaparanagamaihala83,Uva Paranagama Ihala 83
gn.lahugalasouth609a,Lahugala South 609/A
gn.medaoyanorth867c,Medaoya North 867/C
gn.rambukkananorth624a,Rambukkana North 624/A
gn.jaffnawest347b,Jaffna West 347/B
gn.polonnaruwawest446b,Polonnaruwa West 446/B
gn.akuressanorth100,Akuressa North 100
gn.walipura435a,Walipura 435/A
gn.kahatagasdigiliyaeast288b,Kahatagasdigiliya East 288/B
gn.hattonsouth,Hatton South
gn.pahalakandasouth456b,Pahalakanda South 456/B
gn.lahugalaeast560,Lahugala East 560
gn.galigamuwapahala,Galigamuwa Pahala
gn.pahalawattanorth40a,Pahalawatta North 40/A
gn.rukmullawest623c,Rukmulla West 623/C
gn.chilawpahala,Chilaw Pahala
gn.galpuraihala,Galpura Ihala
gn.oddusuddanihala9b,Oddusuddan Ihala 9/B
gn.aluthwattawest59a,Aluthwatta West 59/A
gn.kalupitiyasouth,Kalupitiya South
gn.pallekaduwaeast,Pallekaduwa East
gn.giniwattacentral247c,Giniwatta Central 247/C
gn.kamburupitiyasouth,Kamburupitiya South
gn.pelmadullacentral,Pelmadulla Central
gn.kalugamawest58a,Kalugama West 58/A
gn.ruktotapahala,Ruktota Pahala
gn.hinguragedaraihala,Hinguragedara Ihala
gn.deraniyagala86b,Deraniyagala 86/B
gn.halielasouth263b,Hali-Ela South 263/B
gn.mahiyanganayanorth54,Mahiyanganaya North 54
gn.ihalapitiyapahala924b,Ihalapitiya Pahala 924/B
gn.digagamawest64,Digagama West 64
gn.digawela72,Digawela 72
gn.pointpedroeast,Point Pedro East
gn.tissamaharamacentral,Tissamaharama Central
gn.oddusuddan505,Oddusuddan 505
gn.rajanganaya400a,Rajanganaya 400/A
gn.mahahenawest932b,Mahahena West 932/B
gn.batupitiyaeast,Batupitiya East
gn.lankapurawest661,Lankapura West 661
gn.katuwanaeast769,Katuwana East 769
gn.sudupitiyaeast426c,Sudupitiya East 426/C
gn.ginipuraeast378a,Ginipura East 378/A
gn.ratuhenasouth,Ratuhena South
gn.rukkandawest486c,Rukkanda West 486/C
gn.galigamuwanorth,Galigamuwa North
gn.nawalagala,Nawalagala
gn.soranathotawest,Soranathota West
gn.lunugalasouth128b,Lunugala South 128/B
gn.mahapurapahala79b,Mahapura Pahala 79/B
gn.mahakumbukkadawalasouth36,Mahakumbukkadawala South 36
gn.digagalaihala367c,Digagala Ihala 367/C
gn.kudakumbura132a,Kudakumbura 132/A
gn.pallamacentral719b,Pallama Central 719/B
gn.beruwalaeast767,Beruwala East 767
gn.udagalaihala,Udagala Ihala
gn.harispattuwapahala950,Harispattuwa Pahala 950
gn.mahawewapahala270,Mahawewa Pahala 270
gn.digaoyaihala710a,Digaoya Ihala 710/A
gn.waligalasouth657b,Waligala South 657/B
gn.sudupitiyaeast815,Sudupitiya East 815
gn.kudadeniyaihala75b,Kudadeniya Ihala 75/B
gn.digapitiyaeast918a,Digapitiya East 918/A
gn.giriullasouth596c,Giriulla South 596/C
gn.kaluhenaeast281,Kaluhena East 281
gn.ratuhena,Ratuhena
gn.walihenapahala56a,Walihena Pahala 56/A
gn.lankapuraihala,Lankapura Ihala
gn.sudugalacentral,Sudugala Central
gn.pahalakaduwasouth666b,Pahalakaduwa South 666/B
gn.batugedaraeast650,Batugedara East 650
gn.porativu481a,Porativu 481/A
gn.anuradhapurawest,Anuradhapura West
gn.neluwaihala289c,Neluwa Ihala 289/C
gn.udunuwarawest952c,Udunuwara West 952/C
gn.angunakolapelessasouth318c,Angunakolapelessa South 318/C
gn.hambantotasouth,Hambantota South
gn.kataragamaeast731a,Kataragama East 731/A
gn.nawalawatta,Nawalawatta
gn.udahenaeast,Udahena East
gn.digawattapahala716a,Digawatta Pahala 716/A
gn.welimadapahala,Welimada Pahala
gn.aranayaka238b,Aranayaka 238/B
gn.kahawattacentral366b,Kahawatta Central 366/B
gn.ratutotaihala,Ratutota Ihala
gn.sudugamuwacentral,Sudugamuwa Central
gn.pallekumburawest899a,Pallekumbura West 899/A
gn.aluthdeniyaihala597a,Aluthdeniya Ihala 597/A
gn.biyagamacentral,Biyagama Central
gn.walimullacentral,Walimulla Central
gn.ukuwelacentral269c,Ukuwela Central 269/C
gn.ratugamasouth669,Ratugama South 669
gn.arachchikattuwaihala923a,Arachchikattuwa Ihala 923/A
gn.medagedarasouth,Medagedara South
gn.kalawanaihala282b,Kalawana Ihala 282/B
gn.monaragalanorth,Monaragala North
gn.galwattacentral895c,Galwatta Central 895/C
gn.seethawakacentral122a,Seethawaka Central 122/A
gn.medaoyawest,Medaoya West
gn.okewelaeast437a,Okewela East 437/A
gn.weeraketiyacentral477c,Weeraketiya Central 477/C
gn.nivithigalasouth839b,Nivithigala South 839/B
gn.kudakumburacentral578a,Kudakumbura Central 578/A
gn.bibile,Bibile
gn.horananorth749,Horana North 749
gn.jaffnanorth564b,Jaffna North 564/B
gn.walihenaihala554a,Walihena Ihala 554/A
gn.paranawelaeast707a,Paranawela East 707/A
gn.samanthuraisouth145c,Samanthurai South 145/C
gn.giriullaihala644c,Giriulla Ihala 644/C
gn.medatotapahala326a,Medatota Pahala 326/A
gn.paranakumburaeast367b,Paranakumbura East 367/B
gn.giniwattawest530b,Giniwatta West 530/B
gn.digaoyapahala251,Digaoya Pahala 251
gn.digawela55c,Digawela 55/C
gn.ruwanwellasouth,Ruwanwella South
gn.sandilipaynorth923,Sandilipay North 923
gn.nikaweratiyaeast465,Nikaweratiya East 465
gn.paranawelaihala560,Paranawela Ihala 560
gn.pallewela21a,Pallewela 21/A
gn.bulathkohupitiyaeast,Bulathkohupitiya East
gn.thalapuracentral11,Thalapura Central 11
gn.gampolacentral985a,Gampola Central 985/A
gn.dodangodaeast490,Dodangoda East 490
gn.pahalaoyanorth850b,Pahalaoya North 850/B
gn.ginimullacentral,Ginimulla Central
gn.hinguragalacentral699b,Hinguragala Central 699/B
gn.wennappuwanorth166b,Wennappuwa North 166/B
gn.ginikaduwaeast,Ginikaduwa East
gn.karachchisouth889b,Karachchi South 889/B
gn.nivithigala583,Nivithigala 583
gn.bandarawelawest760c,Bandarawela West 760/C
gn.gampahanorth,Gampaha North
gn.arachchikattuwapahala596,Arachchikattuwa Pahala 596
gn.welikandaihala411b,Welikanda Ihala 411/B
gn.suduwelaihala,Suduwela Ihala
gn.paranawattacentral443c,Paranawatta Central 443/C
gn.rukgamuwaeast67b,Rukgamuwa East 67/B
gn.walapanewest751c,Walapane West 751/C
gn.mannareast,Mannar East
gn.mahakumburaeast,Mahakumbura East
gn.batagalapahala620a,Batagala Pahala 620/A
gn.bopepoddalaihala,Bope-Poddala Ihala
gn.mihintaleeast,Mihintale East
gn.digagamuwapahala,Digagamuwa Pahala
gn.paranakaduwawest662,Paranakaduwa West 662
gn.batamulla,Batamulla
gn.nawalapitiyawest95b,Nawalapitiya West 95/B
gn.digaoyapahala108c,Digaoya Pahala 108/C
gn.mirigamapahala536,Mirigama Pahala 536
gn.kudaoyanorth430a,Kudaoya North 430/A
gn.mawathagamanorth,Mawathagama North
gn.thampalakamameast742b,Thampalakamam East 742/B
gn.vengalacheddikulamihala42c,Vengalacheddikulam Ihala 42/C
gn.samanthuraisouth434a,Samanthurai South 434/A
gn.pallekandawest384b,Pallekanda West 384/B
gn.thalapuraeast557c,Thalapura East 557/C
gn.mawanellawest288a,Mawanella West 288/A
gn.paranakandawest792c,Paranakanda West 792/C
gn.nawalawela325c,Nawalawela 325/C
gn.dambullapahala,Dambulla Pahala
gn.kudakaduwapahala126c,Kudakaduwa Pahala 126/C
gn.batagalacentral339b,Batagala Central 339/B
gn.rukwelasouth,Rukwela South
gn.aluthpitiyaihala798,Aluthpitiya Ihala 798
gn.kandaketiyaeast851c,Kandaketiya East 851/C
gn.soranathotawest505b,Soranathota West 505/B
gn.sewanagalasouth,Sewanagala South
gn.batugalawest874b,Batugala West 874/B
gn.weeraketiyaihala,Weeraketiya Ihala
gn.kalutotanorth288b,Kalutota North 288/B
gn.ginikaduwanorth678a,Ginikaduwa North 678/A
gn.musalipahala,Musali Pahala
gn.meegahakivulasouth45c,Meegahakivula South 45/C
gn.pallekumburaihala,Pallekumbura Ihala
gn.kaluwattawest,Kaluwatta West
gn.rambukkanawest291c,Rambukkana West 291/C
gn.batapuracentral637b,Batapura Central 637/B
gn.thalapitiya501b,Thalapitiya 501/B
gn.ayagamacentral739,Ayagama Central 739
gn.ambagamuwapahala93,Ambagamuwa Pahala 93
gn.batugedarapahala851c,Batugedara Pahala 851/C
gn.ruktotapahala842,Ruktota Pahala 842
gn.maharaihala860b,Mahara Ihala 860/B
gn.dickwellasouth781c,Dickwella South 781/C
gn.waligamuwasouth363c,Waligamuwa South 363/C
gn.thunukkainorth,Thunukkai North
gn.kaludeniyasouth18c,Kaludeniya South 18/C
gn.batuwatta772a,Batuwatta 772/A
gn.batagodapahala345,Batagoda Pahala 345
gn.pallewattawest,Pallewatta West
gn.aluthgamuwawest102b,Aluthgamuwa West 102/B
gn.maharagamaihala846,Maharagama Ihala 846
gn.pahalaoyapahala,Pahalaoya Pahala
gn.palletota249,Palletota 249
gn.waligamuwanorth686a,Waligamuwa North 686/A
gn.udahenaihala,Udahena Ihala
gn.gallewest198,Galle West 198
gn.meegahakivulanorth,Meegahakivula North
gn.digagamasouth308a,Digagama South 308/A
gn.rukwelaihala436a,Rukwela Ihala 436/A
gn.nawalagamasouth737a,Nawalagama South 737/A
gn.biyagamaihala480a,Biyagama Ihala 480/A
gn.palledeniyaihala66,Palledeniya Ihala 66
gn.tangalleeast662a,Tangalle East 662/A
gn.thalakumburanorth979,Thalakumbura North 979
gn.manthaieastihala545c,Manthai East Ihala 545/C
gn.haputalecentral183,Haputale Central 183
gn.velanaicentral369,Velanai Central 369
gn.aluthgamacentral924a,Aluthgama Central 924/A
gn.dickwellacentral869b,Dickwella Central 869/B
gn.ratugamawest750a,Ratugama West 750/A
gn.imaduwa256a,Imaduwa 256/A
gn.musali760c,Musali 760/C
gn.sudugalacentral991,Sudugala Central 991
gn.panaduraeast356b,Panadura East 356/B
gn.paranawattapahala900b,Paranawatta Pahala 900/B
gn.welimadawest912c,Welimada West 912/C
gn.thalapurawest642,Thalapura West 642
gn.akmeemanaihala785c,Akmeemana Ihala 785/C
gn.rukgamaeast929,Rukgama East 929
gn.mahakumbukkadawalapahala494a,Mahakumbukkadawala Pahala 494/A
gn.ratugodaeast811,Ratugoda East 811
gn.aluthgedarawest,Aluthgedara West
gn.koralainorth830,Koralai North 830
gn.wennappuwaeast696,Wennappuwa East 696
gn.colombosouth909,Colombo South 909
gn.udagamasouth596a,Udagama South 596/A
gn.rukgamuwasouth,Rukgamuwa South
gn.hingurakumburapahala759c,Hingurakumbura Pahala 759/C
gn.ihalakumburaeast,Ihalakumbura East
gn.batagala102c,Batagala 102/C
gn.kudagodacentral,Kudagoda Central
gn.suduhenawest914b,Suduhena West 914/B
gn.walapanecentral15c,Walapane Central 15/C
gn.maharagamaihala,Maharagama Ihala
gn.sudugalawest763a,Sudugala West 763/A
gn.hinguraoyawest215,Hinguraoya West 215
gn.galhenacentral663c,Galhena Central 663/C
gn.amparaihala809b,Ampara Ihala 809/B
gn.dodangodasouth728,Dodangoda South 728
gn.ginikumbura878,Ginikumbura 878
gn.nawalamullanorth743b,Nawalamulla North 743/B
gn.koralaiwest885c,Koralai West 885/C
gn.pallekandaeast271b,Pallekanda East 271/B
gn.elaherapahala164c,Elahera Pahala 164/C
gn.galwelaihala677b,Galwela Ihala 677/B
gn.kandaketiyanorth755a,Kandaketiya North 755/A
gn.batagedarawest,Batagedara West
gn.deraniyagalaeast818c,Deraniyagala East 818/C
gn.vavuniyasouthihala544a,Vavuniya South Ihala 544/A
gn.morawewawest452,Morawewa West 452
gn.benthotanorth442b,Benthota North 442/B
gn.elpitiya437c,Elpitiya 437/C
gn.jaelasouth34a,Ja-Ela South 34/A
gn.madhucentral478,Madhu Central 478
gn.nawalatotapahala788,Nawalatota Pahala 788
gn.batawattawest439a,Batawatta West 439/A
gn.ihalatotanorth749b,Ihalatota North 749/B
gn.udawattawest342,Udawatta West 342
gn.kalawanapahala715c,Kalawana Pahala 715/C
gn.kalukaduwaeast556,Kalukaduwa East 556
gn.akmeemanacentral224,Akmeemana Central 224
gn.uduvil591a,Uduvil 591/A
gn.ihalamullaihala,Ihalamulla Ihala
gn.thalapitiya914b,Thalapitiya 914/B
gn.beruwalapahala269b,Beruwala Pahala 269/B
gn.bandarawelanorth693c,Bandarawela North 693/C
gn.ihalakaduwaeast654b,Ihalakaduwa East 654/B
gn.ratukaduwasouth736b,Ratukaduwa South 736/B
gn.navithanvelinorth687,Navithanveli North 687
gn.digagedarapahala618a,Digagedara Pahala 618/A
gn.dimbulagalanorth872b,Dimbulagala North 872/B
gn.siyambalanduwa710b,Siyambalanduwa 710/B
gn.karaitivunorth129a,Karaitivu North 129/A
gn.eppawala,Eppawala
gn.navagattegamapahala949,Navagattegama Pahala 949
gn.nawalagoda763c,Nawalagoda 763/C
gn.kudapurawest293a,Kudapura West 293/A
gn.aluthtotapahala,Aluthtota Pahala
gn.homagama,Homagama
gn.mahonorth359c,Maho North 359/C
gn.batugamuwa435,Batugamuwa 435
gn.kalupitiyanorth972c,Kalupitiya North 972/C
gn.siyambalanduwaihala,Siyambalanduwa Ihala
gn.jaelaeast,Ja-Ela East
gn.maritimepattunorth,Maritimepattu North
gn.mahagama181c,Mahagama 181/C
gn.galgamaihala738b,Galgama Ihala 738/B
gn.thalapuranorth886c,Thalapura North 886/C
gn.hinguraoyasouth,Hinguraoya South
gn.walallawita272b,Walallawita 272/B
gn.rukpitiyasouth303a,Rukpitiya South 303/A
gn.ratuhena511,Ratuhena 511
gn.hakmanapahala,Hakmana Pahala
gn.pahalatotaihala532b,Pahalatota Ihala 532/B
gn.paranapitiyapahala987,Paranapitiya Pahala 987
gn.batawattaihala,Batawatta Ihala
gn.paranatotacentral73b,Paranatota Central 73/B
gn.mahapitiyaeast466a,Mahapitiya East 466/A
gn.ginigedarawest407,Ginigedara West 407
gn.thamankaduwaihala721a,Thamankaduwa Ihala 721/A
gn.rattotaeast496,Rattota East 496
gn.wennappuwacentral129,Wennappuwa Central 129
gn.ihalagamuwasouth393b,Ihalagamuwa South 393/B
gn.sandilipayeast948,Sandilipay East 948
gn.batugamanorth167a,Batugama North 167/A
gn.galkaduwawest479,Galkaduwa West 479
gn.kuchchavelinorth62b,Kuchchaveli North 62/B
gn.rukgamuwa,Rukgamuwa
gn.pahalagodasouth,Pahalagoda South
gn.galwelapahala172,Galwela Pahala 172
gn.attanagallaihala653,Attanagalla Ihala 653
gn.moratuwapahala533,Moratuwa Pahala 533
gn.gampolacentral244b,Gampola Central 244/B
gn.galgamuwapahala,Galgamuwa Pahala
gn.bataoyawest366,Bataoya West 366
gn.mahakumbukkadawalasouth779,Mahakumbukkadawala South 779
gn.habaraduwanorth137b,Habaraduwa North 137/B
gn.habaraduwacentral,Habaraduwa Central
gn.mahapurawest,Mahapura West
gn.aluthmullanorth653,Aluthmulla North 653
gn.kilinochchisouth187,Kilinochchi South 187
gn.ginigalawest809b,Ginigala West 809/B
gn.thalatotasouth760b,Thalatota South 760/B
gn.welioyaeast,Weli Oya East
gn.hinguradeniyaeast,Hinguradeniya East
gn.madampepahala995,Madampe Pahala 995
gn.walikumburaeast616,Walikumbura East 616
gn.pasgodacentral,Pasgoda Central
gn.mahakumburasouth381,Mahakumbura South 381
gn.medapitiyasouth,Medapitiya South
gn.thalapitiyawest858a,Thalapitiya West 858/A
gn.bandaragamacentral750c,Bandaragama Central 750/C
gn.yatawattaeast547c,Yatawatta East 547/C
gn.kopay470,Kopay 470
gn.ginipurawest953b,Ginipura West 953/B
gn.meegahakivulaeast603b,Meegahakivula East 603/B
gn.devinuwarasouth552a,Devinuwara South 552/A
gn.rukmullapahala,Rukmulla Pahala
gn.puthukkudiyiruppucentral716,Puthukkudiyiruppu Central 716
gn.sudugedaranorth,Sudugedara North
gn.yatawattasouth12a,Yatawatta South 12/A
gn.sudugalaeast375c,Sudugala East 375/C
gn.manthaieastsouth821c,Manthai East South 821/C
gn.hinguradeniyasouth909b,Hinguradeniya South 909/B
gn.katanapahala263b,Katana Pahala 263/B
gn.dehiwalanorth380b,Dehiwala North 380/B
gn.udapalathaeast463,Udapalatha East 463
gn.aluthwattasouth178a,Aluthwatta South 178/A
gn.wellawayaeast179c,Wellawaya East 179/C
gn.udagamuwa983b,Udagamuwa 983/B
gn.hingurakaduwacentral,Hingurakaduwa Central
gn.galtota,Galtota
gn.lunugamveherawest603,Lunugamvehera West 603
gn.chavakachcherinorth,Chavakachcheri North
gn.sudugamanorth,Sudugama North
gn.uhanasouth946c,Uhana South 946/C
gn.tellippalaipahala777a,Tellippalai Pahala 777/A
gn.kalukaduwawest113,Kalukaduwa West 113
gn.kopayihala761b,Kopay Ihala 761/B
gn.kudagodasouth419c,Kudagoda South 419/C
gn.ratuwelanorth835,Ratuwela North 835
gn.kesbewa50,Kesbewa 50
gn.batahena121c,Batahena 121/C
gn.mahaoyanorth,Maha Oya North
gn.ambalantota72a,Ambalantota 72/A
gn.imbulpenorth869,Imbulpe North 869
gn.ratutotasouth567c,Ratutota South 567/C
gn.haputalepahala,Haputale Pahala
gn.kilinochchieast214,Kilinochchi East 214
gn.sudupurapahala,Sudupura Pahala
gn.mahagodapahala481a,Mahagoda Pahala 481/A
gn.nuwaraeliyasouth,Nuwara Eliya South
gn.wennappuwaeast606b,Wennappuwa East 606/B
gn.nawalaoyanorth859c,Nawalaoya North 859/C
gn.ridimaliyaddaihala,Ridimaliyadda Ihala
gn.kahawattaeast221c,Kahawatta East 221/C
gn.haliela474,Hali-Ela 474
gn.hinguragedaraihala458a,Hinguragedara Ihala 458/A
gn.thampalakamamihala365b,Thampalakamam Ihala 365/B
gn.paranawattaeast,Paranawatta East
gn.thambuttegama494c,Thambuttegama 494/C
gn.medagalaihala50a,Medagala Ihala 50/A
gn.mahawewacentral417b,Mahawewa Central 417/B
gn.hingurawelanorth,Hingurawela North
gn.suduwattacentral784a,Suduwatta Central 784/A
gn.galpurawest618,Galpura West 618
gn.uvaparanagamanorth978b,Uva Paranagama North 978/B
gn.kandavalaieast381c,Kandavalai East 381/C
gn.pahalaoyawest408b,Pahalaoya West 408/B
gn.mahakumbukkadawala841c,Mahakumbukkadawala 841/C
gn.kandavalai,Kandavalai
gn.nintavurpahala625a,Nintavur Pahala 625/A
gn.thalapurasouth952,Thalapura South 952
gn.gampolawest808b,Gampola West 808/B
gn.yakkalamullaihala371,Yakkalamulla Ihala 371
gn.rukoyasouth447a,Rukoya South 447/A
gn.ratugamaeast,Ratugama East
gn.nanaddannorth754b,Nanaddan North 754/B
gn.kudagodanorth951a,Kudagoda North 951/A
gn.thalagedaranorth204,Thalagedara North 204
gn.dodangodaeast87b,Dodangoda East 87/B
gn.hingurakumburaihala971c,Hingurakumbura Ihala 971/C
gn.ihalahena,Ihalahena
gn.ratnapura343,Ratnapura 343
gn.ihalagalapahala736c,Ihalagala Pahala 736/C
gn.polonnaruwanorth245a,Polonnaruwa North 245/A
gn.walihena712a,Walihena 712/A
gn.palletotaeast,Palletota East
gn.manthaiwest412a,Manthai West 412/A
gn.hattonpahala926c,Hatton Pahala 926/C
gn.batupuracentral265,Batupura Central 265
gn.ihalawelapahala948a,Ihalawela Pahala 948/A
gn.nawalatotaeast69c,Nawalatota East 69/C
gn.mahakumbukkadawalaihala189c,Mahakumbukkadawala Ihala 189/C
gn.thalatotapahala266a,Thalatota Pahala 266/A
gn.mirigama934c,Mirigama 934/C
gn.kalugala701b,Kalugala 701/B
gn.batadeniyawest34,Batadeniya West 34
gn.mahawelawest778a,Mahawela West 778/A
gn.kuchchaveli811a,Kuchchaveli 811/A
gn.digagodanorth138c,Digagoda North 138/C
gn.yakkalamullapahala318c,Yakkalamulla Pahala 318/C
gn.ambagamuwapahala166a,Ambagamuwa Pahala 166/A
gn.polonnaruwasouth413c,Polonnaruwa South 413/C
gn.opanayakaihala829a,Opanayaka Ihala 829/A
gn.galenbindunuwewapahala155,Galenbindunuwewa Pahala 155
gn.hinguragamuwaihala,Hinguragamuwa Ihala
gn.balangodanorth932,Balangoda North 932
gn.batupitiyapahala,Batupitiya Pahala
gn.pallepura636,Pallepura 636
gn.kataragamaihala741b,Kataragama Ihala 741/B
gn.kudagamuwanorth163c,Kudagamuwa North 163/C
gn.hikkaduwacentral898,Hikkaduwa Central 898
gn.hangurankethapahala,Hanguranketha Pahala
gn.aluthkandacentral816c,Aluthkanda Central 816/C
gn.ihalawelapahala861,Ihalawela Pahala 861
gn.habaraduwanorth911,Habaraduwa North 911
gn.digakumburapahala741c,Digakumbura Pahala 741/C
gn.thalamullaeast859b,Thalamulla East 859/B
gn.elaherapahala,Elahera Pahala
gn.ratugalasouth,Ratugala South
gn.udawattanorth,Udawatta North
gn.nawalagamasouth100c,Nawalagama South 100/C
gn.kalutaranorth165b,Kalutara North 165/B
gn.baddegama,Baddegama
gn.karachchinorth890,Karachchi North 890
gn.suduoyaeast946c,Suduoya East 946/C
gn.bandaragamanorth873b,Bandaragama North 873/B
gn.galnewaeast,Galnewa East
gn.paranagamuwa,Paranagamuwa
gn.chilawihala391a,Chilaw Ihala 391/A
gn.thalapitiyaihala,Thalapitiya Ihala
gn.mahaoyacentral429a,Maha Oya Central 429/A
gn.galkaduwaihala532b,Galkaduwa Ihala 532/B
gn.eheliyagodanorth,Eheliyagoda North
gn.hinguragalaihala,Hinguragala Ihala
gn.aluthgoda713a,Aluthgoda 713/A
gn.nintavurnorth121a,Nintavur North 121/A
gn.gampolanorth589c,Gampola North 589/C
gn.kalutotaihala432c,Kalutota Ihala 432/C
gn.halielanorth261,Hali-Ela North 261
gn.ihaladeniyacentral981,Ihaladeniya Central 981
gn.trincomaleecentral481,Trincomalee Central 481
gn.kahawattanorth19a,Kahawatta North 19/A
gn.waliwattanorth845c,Waliwatta North 845/C
gn.deraniyagalaeast654c,Deraniyagala East 654/C
gn.malimbadaihala,Malimbada Ihala
gn.paranakaduwapahala358b,Paranakaduwa Pahala 358/B
gn.medagamuwawest841b,Medagamuwa West 841/B
gn.mahagala,Mahagala
gn.hingurakandapahala,Hingurakanda Pahala
gn.sudukaduwanorth653c,Sudukaduwa North 653/C
gn.eheliyagodaihala424,Eheliyagoda Ihala 424
gn.ratuhenawest802c,Ratuhena West 802/C
gn.digakumburanorth,Digakumbura North
gn.kalugamawest585a,Kalugama West 585/A
gn.ratnapurasouth909c,Ratnapura South 909/C
gn.bulathkohupitiyaeast890a,Bulathkohupitiya East 890/A
gn.akuressaihala,Akuressa Ihala
gn.muturihala15a,Mutur Ihala 15/A
gn.mahagamuwanorth,Mahagamuwa North
gn.weligamasouth,Weligama South
gn.sudugamuwawest439b,Sudugamuwa West 439/B
gn.medawachchiyawest283c,Medawachchiya West 283/C
gn.maruthankarneyihala,Maruthankarney Ihala
gn.nattandiyapahala,Nattandiya Pahala
gn.galhenaeast793a,Galhena East 793/A
gn.ratugedaracentral81c,Ratugedara Central 81/C
gn.kudapurapahala,Kudapura Pahala
gn.paranahenaeast188b,Paranahena East 188/B
gn.kesbewaeast374c,Kesbewa East 374/C
gn.galmullapahala,Galmulla Pahala
gn.sududeniyaihala676,Sududeniya Ihala 676
gn.ginitotaihala44a,Ginitota Ihala 44/A
gn.udawelacentral,Udawela Central
gn.rukkandawest,Rukkanda West
gn.walallawitasouth572a,Walallawita South 572/A
gn.thalahenaeast82b,Thalahena East 82/B
gn.batawelawest234a,Batawela West 234/A
gn.aluthkaduwawest414c,Aluthkaduwa West 414/C
gn.kebithigollewaeast,Kebithigollewa East
gn.kalutotapahala,Kalutota Pahala
gn.batapitiyapahala,Batapitiya Pahala
gn.pelmadullawest241a,Pelmadulla West 241/A
gn.ihalagedara64b,Ihalagedara 64/B
gn.udagamuwanorth133b,Udagamuwa North 133/B
gn.pallekandacentral825,Pallekanda Central 825
gn.baddegamawest950a,Baddegama West 950/A
gn.kalupuraeast110a,Kalupura East 110/A
gn.pannalacentral,Pannala Central
gn.giriullaeast84,Giriulla East 84
gn.galkaduwacentral425c,Galkaduwa Central 425/C
gn.giriullacentral775,Giriulla Central 775
gn.badullawest46b,Badulla West 46/B
gn.waligamuwaeast577c,Waligamuwa East 577/C
gn.mataraeast966,Matara East 966
gn.ridimaliyaddawest370c,Ridimaliyadda West 370/C
gn.karachchinorth659,Karachchi North 659
gn.puthukkudiyiruppuihala,Puthukkudiyiruppu Ihala
gn.galkumburasouth339,Galkumbura South 339
gn.pahalaoyasouth,Pahalaoya South
gn.welikandapahala393a,Welikanda Pahala 393/A
gn.homagamanorth998a,Homagama North 998/A
gn.dambullasouth976,Dambulla South 976
gn.ginigama267c,Ginigama 267/C
gn.dompecentral463,Dompe Central 463
gn.puttalamwest63a,Puttalam West 63/A
gn.pasgoda,Pasgoda
gn.thunukkaipahala41,Thunukkai Pahala 41
gn.ruwanwellawest896b,Ruwanwella West 896/B
gn.medakandaihala758c,Medakanda Ihala 758/C
gn.ukuwelapahala989,Ukuwela Pahala 989
gn.udagamaihala926,Udagama Ihala 926
gn.wilgamuwacentral902,Wilgamuwa Central 902
gn.mundelcentral160a,Mundel Central 160/A
gn.pahalawattacentral49,Pahalawatta Central 49
gn.batukaduwaihala,Batukaduwa Ihala
gn.ihalagedaranorth739,Ihalagedara North 739
gn.aluthdeniyawest8b,Aluthdeniya West 8/B
gn.ihalagamaeast639,Ihalagama East 639
gn.nattandiyacentral,Nattandiya Central
gn.ginitota737a,Ginitota 737/A
gn.ibbagamuwaeast698b,Ibbagamuwa East 698/B
gn.kuchchaveli661,Kuchchaveli 661
gn.pahalawattawest,Pahalawatta West
gn.maharacentral792c,Mahara Central 792/C
gn.kudatotawest943b,Kudatota West 943/B
gn.rukpura238,Rukpura 238
gn.madullapahala758b,Madulla Pahala 758/B
gn.weligama455,Weligama 455
gn.mataraeast189a,Matara East 189/A
gn.beruwalawest626b,Beruwala West 626/B
gn.beruwala8c,Beruwala 8/C
gn.rukhenaihala930,Rukhena Ihala 930
gn.puttalamsouth524a,Puttalam South 524/A
gn.elahera151,Elahera 151
gn.pallemullanorth718b,Pallemulla North 718/B
gn.weeraketiyaihala913b,Weeraketiya Ihala 913/B
gn.malimbadawest582c,Malimbada West 582/C
gn.thalagamawest88a,Thalagama West 88/A
gn.manthaiwestnorth,Manthai West North
gn.ruktotapahala114,Ruktota Pahala 114
gn.batugamacentral721c,Batugama Central 721/C
gn.batahenacentral,Batahena Central
gn.thalapura95c,Thalapura 95/C
gn.pallegamawest84c,Pallegama West 84/C
gn.pahalakaduwapahala,Pahalakaduwa Pahala
gn.rukgalaeast,Rukgala East
gn.digakandaeast517,Digakanda East 517
gn.mahoihala392b,Maho Ihala 392/B
gn.thawalamanorth818b,Thawalama North 818/B
gn.sudukumburapahala165b,Sudukumbura Pahala 165/B
gn.nuwaraeliyaihala309,Nuwara Eliya Ihala 309
gn.gampahawest521a,Gampaha West 521/A
gn.aluthwelaeast570,Aluthwela East 570
gn.batakaduwaeast146b,Batakaduwa East 146/B
gn.pahalagoda455b,Pahalagoda 455/B
gn.paranapitiya630,Paranapitiya 630
gn.sudukaduwapahala751,Sudukaduwa Pahala 751
gn.kalugodawest10c,Kalugoda West 10/C
gn.bandarawelapahala,Bandarawela Pahala
gn.porativueast534,Porativu East 534
gn.galnewa346,Galnewa 346
gn.udapitiyaihala315c,Udapitiya Ihala 315/C
gn.halielanorth145b,Hali-Ela North 145/B
gn.gampolanorth154b,Gampola North 154/B
gn.pathahewahetapahala295b,Pathahewaheta Pahala 295/B
gn.thamankaduwaeast253,Thamankaduwa East 253
gn.palleoyaeast,Palleoya East
gn.mahahenawest145c,Mahahena West 145/C
gn.beliattaihala,Beliatta Ihala
gn.pannala397c,Pannala 397/C
gn.mahagamanorth430c,Mahagama North 430/C
gn.paranakandasouth854c,Paranakanda South 854/C
gn.lunugamveheraihala23c,Lunugamvehera Ihala 23/C
gn.pahalamullacentral,Pahalamulla Central
gn.ginigamuwaihala,Ginigamuwa Ihala
gn.alawwaeast,Alawwa East
gn.vengalacheddikulameast,Vengalacheddikulam East
gn.nattandiyaeast524,Nattandiya East 524
gn.medapurapahala177b,Medapura Pahala 177/B
gn.thalahenawest834,Thalahena West 834
gn.kothmaleeast508,Kothmale East 508
gn.medapuraihala,Medapura Ihala
gn.walallawitawest,Walallawita West
gn.medawelacentral864a,Medawela Central 864/A
gn.lahugalapahala57c,Lahugala Pahala 57/C
gn.medadeniyanorth984,Medadeniya North 984
gn.ihalagedaranorth,Ihalagedara North
gn.okewelawest,Okewela West
gn.kudawattanorth836a,Kudawatta North 836/A
gn.uduvileast313b,Uduvil East 313/B
gn.giniwattacentral,Giniwatta Central
gn.pannalasouth78,Pannala South 78
gn.ihaladeniyaihala196b,Ihaladeniya Ihala 196/B
gn.rukhenacentral826,Rukhena Central 826
gn.mawanellasouth712c,Mawanella South 712/C
gn.pahalawelacentral396a,Pahalawela Central 396/A
gn.kudatotasouth142c,Kudatota South 142/C
gn.lankapuracentral451,Lankapura Central 451
gn.rukkandapahala,Rukkanda Pahala
gn.uduvilpahala373b,Uduvil Pahala 373/B
gn.hingurahenapahala16b,Hingurahena Pahala 16/B
gn.pahalagamuwapahala,Pahalagamuwa Pahala
gn.kaluoyaeast510c,Kaluoya East 510/C
gn.thalahena49a,Thalahena 49/A
gn.galgamuwacentral417a,Galgamuwa Central 417/A
gn.aluthgodacentral57a,Aluthgoda Central 57/A
gn.bopepoddalawest16,Bope-Poddala West 16
gn.hattonihala49a,Hatton Ihala 49/A
gn.ihalawela310c,Ihalawela 310/C
gn.mahaoyaihala329b,Mahaoya Ihala 329/B
gn.imaduwasouth831b,Imaduwa South 831/B
gn.palleoyaeast202a,Palleoya East 202/A
gn.ratuwattacentral536b,Ratuwatta Central 536/B
gn.wellawayaeast283c,Wellawaya East 283/C
gn.batutotawest,Batutota West
gn.walipura646,Walipura 646
gn.kudadeniyaeast147b,Kudadeniya East 147/B
gn.vavuniyawest21,Vavuniya West 21
gn.medahenawest633,Medahena West 633
gn.digagamacentral361a,Digagama Central 361/A
gn.medawattawest718a,Medawatta West 718/A
gn.kiriellapahala358b,Kiriella Pahala 358/B
gn.udunuwara,Udunuwara
gn.udakaduwa,Udakaduwa
gn.rukgodawest678a,Rukgoda West 678/A
gn.ginikandanorth,Ginikanda North
gn.sudutotasouth641c,Sudutota South 641/C
gn.galigamuwawest,Galigamuwa West
gn.medagamaihala540b,Medagama Ihala 540/B
gn.muturwest423a,Mutur West 423/A
gn.suduwattanorth,Suduwatta North
gn.attanagallasouth616c,Attanagalla South 616/C
gn.pottuvilwest3,Pottuvil West 3
gn.paranapuraeast406c,Paranapura East 406/C
gn.soranathotapahala713a,Soranathota Pahala 713/A
gn.verugalnorth96a,Verugal North 96/A
gn.kalugalacentral95b,Kalugala Central 95/B
gn.verugal476c,Verugal 476/C
gn.pallekandaeast405b,Pallekanda East 405/B
gn.kilinochchiwest570b,Kilinochchi West 570/B
gn.waligamuwasouth,Waligamuwa South
gn.paranaoyawest242a,Paranaoya West 242/A
gn.ambangangasouth625b,Ambanganga South 625/B
gn.udadeniya678a,Udadeniya 678/A
gn.kaluhenaeast830c,Kaluhena East 830/C
gn.walikumburaeast,Walikumbura East
gn.kuchchavelinorth369b,Kuchchaveli North 369/B
gn.imbulpesouth253b,Imbulpe South 253/B
gn.batuoya767,Batuoya 767
gn.batupitiyapahala404a,Batupitiya Pahala 404/A
gn.aluthoyaeast476b,Aluthoya East 476/B
gn.nawalapitiyacentral471a,Nawalapitiya Central 471/A
gn.udakandasouth,Udakanda South
gn.vavuniyasouthsouth297a,Vavuniya South South 297/A
gn.kurunegalanorth161c,Kurunegala North 161/C
gn.tellippalaipahala582b,Tellippalai Pahala 582/B
gn.madhuwest715,Madhu West 715
gn.mahapura,Mahapura
gn.waligamuwaeast,Waligamuwa East
gn.ginipuraihala866c,Ginipura Ihala 866/C
gn.thalahenasouth972c,Thalahena South 972/C
gn.galmullaeast732,Galmulla East 732
gn.ihalagamuwanorth34a,Ihalagamuwa North 34/A
gn.kalukandasouth10c,Kalukanda South 10/C
gn.pallepuranorth497b,Pallepura North 497/B
gn.ambalantotaihala493c,Ambalantota Ihala 493/C
gn.nawalahenasouth221a,Nawalahena South 221/A
gn.kattankudywest499b,Kattankudy West 499/B
gn.pottuvil727a,Pottuvil 727/A
gn.kalupitiyacentral,Kalupitiya Central
gn.kalukumburaihala183,Kalukumbura Ihala 183
gn.paranawelaeast897c,Paranawela East 897/C
gn.vengalacheddikulameast991a,Vengalacheddikulam East 991/A
gn.morawewanorth844c,Morawewa North 844/C
gn.kalugalapahala351b,Kalugala Pahala 351/B
gn.beruwalawest295a,Beruwala West 295/A
gn.kalmunaipahala52a,Kalmunai Pahala 52/A
gn.galwelacentral338b,Galwela Central 338/B
gn.anuradhapuracentral,Anuradhapura Central
gn.rajanganayanorth124c,Rajanganaya North 124/C
gn.udunuwara771c,Udunuwara 771/C
gn.manmunaipahala872a,Manmunai Pahala 872/A
gn.pahalagalanorth235b,Pahalagala North 235/B
gn.hinguragedarapahala479b,Hinguragedara Pahala 479/B
gn.bulathkohupitiyawest529,Bulathkohupitiya West 529
gn.walapanecentral600a,Walapane Central 600/A
gn.ratuwattacentral472,Ratuwatta Central 472
gn.digadeniyaihala798c,Digadeniya Ihala 798/C
gn.aranayakacentral898b,Aranayaka Central 898/B
gn.sudukumburawest339,Sudukumbura West 339
gn.hinguragamuwaihala835b,Hinguragamuwa Ihala 835/B
