name,nic,phone,division
Wanindu Fonseka,199716113557,0756402125,Batakaduwa West 53/B
Priyantha Dickwella,196959749906,0767777001,Waligoda Ihala 870/A
Nuwan Udana,196346256641,0718229289,Galhena East 439
Lasantha Mendis,516613166V,0785989917,Galewela Central 911/A
Suranga Chameera,403128333V,0749072602,Galkumbura South 792/C
Nalin Mendis,196061084673,0758443253,Porativu Ihala 434
Kamal Kumaratunga,999086872V,0786127798,Pallegamuwa 25/A
Sujith Perera,198614304733,0701808955,Attanagalla South 639/A
Angelo Hasaranga,197819266054,0742280326,Eppawala Central 417/B
Dilshan Samarawickrama,195389988929,0765619311,Walipitiya West 85/C
Sanath Muralitharan,197347690697,0717331247,Thalakaduwa Ihala 628/C
Ajith de Silva,299734842V,0701919780,Musali West 36/A
Heshan Wellalage,195486538662,0702622442,Maha Oya Ihala
Krishantha Asalanka,196690984704,0768890934,Mahara North 248
Malith Samarawickrama,809192926V,0757509142,Galle Central 795/C
Thushara Thirimanne,633720892V,0708654886,Batugala Pahala
Pubudu Premadasa,198323081240,0724500557,Digagedara
Vimal Premadasa,196962264032,0719242343,Anuradhapura 55/B
Sanka Malinga,442208949V,0771898944,Eravur North
Ruwan Senanayake,199896709423,0767884872,Kudagamuwa 832/B
Kumara Gunaratne,607156297V,0772202068,Pottuvil East 498
Bhanuka Hasaranga,730770518V,0773762491,Vavuniya South South 579
Indika Madushanka,199144271634,0711991146,Galnewa Pahala 185/C
Manjula Shanaka,197491545697,0729911128,Elahera East
Darshana Herath,875344796V,0707433081,Kalutara Pahala 875/A
Prasanna Hasaranga,505947374V,0745553250,Galigamuwa North 26/C
Prasanna Rajapaksa,423708851V,0788396509,Kalpitiya East 991/A
Heshan Chameera,199113533939,0755217507,Batugala North 806/B
Maheesh Jayawickrama,200020375442,0725273682,Nawalagala 571/B
Chaminda Perera,382044511V,0766136661,Ginioya Central 975/C
Gayan Wellalage,977954558V,0741704868,Udaoya Central 865/A
Nalin Herath,199997043164,0701595067,Batakanda South
Bhanuka Wickremesinghe,258294477V,0786054550,Sudukaduwa North
Dilshan Samarawickrama,196412545048,0749468714,Akuressa Pahala 61/A
Dasun Fonseka,197612115978,0714324167,Waligoda South 765
Kavindu Premadasa,200472177270,0714272739,Welimada East 528/C
Asanka Muralitharan,844422162V,0719929483,Yatawatta Ihala 467
Janaka Herath,755161258V,0758903105,Horana Central 159/C
Chamika Rajitha,197142385248,0742342283,Nattandiya Ihala 292/B
Gayan Theekshana,199913813850,0716870038,Soranathota South
Samantha Embuldeniya,927658157V,0777278424,Gomarankadawala 105/C
Sandun Lakmal,268869502V,0742996734,Kandaketiya 948
Sameera Jayasuriya,938828932V,0747221093,Hinguradeniya Pahala 71/A
Rumesh Mathews,984230379V,0782149318,Nintavur 68
Priyantha Rajapaksa,199320376787,0712631350,Dehiwala South 625/A
Charith Asalanka,199448327657,0773007992,Addalachchenai Pahala 574
Kasun Jayawardena,198285758809,0778845977,Digaoya Ihala
Janaka Gunaratne,198294431778,0709976393,Ukuwela South 376/C
Charith de Silva,205155492V,0777023848,Thalagama West 496/B
Amal Shanaka,195137324894,0752084366,Opanayaka East 455
Pradeep Dissanayake,198132420030,0707178741,Karandeniya West 652/B
Chamara Dickwella,199776689398,0778659545,Kuruvita
Chamara Dickwella,198442123161,0787979435,Ambanganga Central 902
Heshan de Silva,195149467476,0713398486,Kudadeniya Ihala 712/A
Kumar Gunawardena,196598843142,0771157934,Medaoya Ihala
Darshana Jayasuriya,198876937095,0789531856,Pelmadulla Ihala 928/A
Asela Rajapaksa,197075584232,0729056135,Kayts Pahala
Gayan Hasaranga,148080901V,0775073647,Kuchchaveli 365
Mangala Gunaratne,155871677V,0767897416,Hanguranketha East 116/C
Charith Mendis,198476091456,0777256962,Ihalagamuwa East 408/B
Sanjeewa Asalanka,715821234V,0763609030,Hikkaduwa South
Kapila Jayawickrama,350895245V,0788661813,Galgedara West 439/B
Chinthaka Gunaratne,732257892V,0718966040,Balangoda Ihala 399
Amal Bandara,244213857V,0714872606,Medakanda Ihala
Nuwan Vandersay,874828107V,0704787684,Lahugala Central
Pradeep Lakmal,818657460V,0785338101,Angunakolapelessa 570/C
Chamara Bandaranaike,406727615V,0771794517,Eppawala Ihala 129
Samantha Herath,197686472741,0741656842,Digadeniya Central 444/C
Tharindu Embuldeniya,487141421V,0782557885,Nawalagama West 476
Niroshan Vandersay,195077676659,0754764681,Kaluoya South 195
Mahela Bandara,197089672915,0787188982,Palindanuwara North 712/A
Nuwan Fonseka,702723611V,0749186793,Sudukaduwa West
Manjula Premadasa,199157809561,0759726827,Lunugala South
Sunimal Atapattu,827298113V,0746612108,Matale South 787
Sandun Herath,196390490575,0744937737,Hingurapura North
Isuru Rajitha,196639584245,0748004026,Giniwela Central
Amila Mendis,196567294257,0749518289,Ratugedara West 749
Dasun Embuldeniya,199181567696,0761103896,Wellawaya Central 34/B
Dilan Embuldeniya,773661774V,0727977080,Akuressa 333
Nuwan Bandaranaike,198841217410,0724226840,Minuwangoda Ihala
Charith Jayasuriya,197432940374,0745138688,Matugama Central 297/B
Dilan Bandara,195355364777,0717648807,Lahugala Central 604/C
Dushmantha Sirisena,827934467V,0787996431,Niyagama North
Lasantha Shanaka,173178873V,0751354969,Digagamuwa Ihala 963/C
Kumara Fernando,306135420V,0725173402,Hinguragala East 117
Ajith Kumaratunga,198247049154,0705641933,Ratukanda 396/C
Darshana Fernando,926443726V,0706069076,Ginioya West 13/B
Tharindu Nissanka,517146574V,0777067361,Rukkaduwa North 647/A
Lahiru Madushanka,196590569031,0774459049,Batapitiya South 666/B
Thilak Mathews,199813955129,0755956679,Sududeniya Ihala 257
Wasantha Chameera,638495775V,0779155312,Udakaduwa Central
Amila Rajapaksa,555151239V,0769277117,Digagoda East 777/C
Kavindu Kumaratunga,309218789V,0789119212,Ratugamuwa Ihala 209/B
Chathura Fernando,197666810077,0707123769,Elpitiya Pahala 289/C
Amal Jayasuriya,879221656V,0701956900,Batticaloa Pahala 255/C
Lahiru Jayawickrama,195113249495,0772731219,Thamankaduwa West
Mangala Dissanayake,827331682V,0713538398,Rukdeniya Pahala 494/A
Chandana Madushanka,678532957V,0759515185,Karuwalagaswewa 777/A
Chamara Senanayake,595699262V,0788735847,Kuliyapitiya North 746/C
Dinesh Dissanayake,232166151V,0753969695,Kurunegala West 588/A
Dushmantha Hasaranga,196412712933,0721045626,Paranamulla 398/C
Ruwan Jayawickrama,763618089V,0708539531,Udamulla Central 166/C
Dilshan Fernando,199895868120,0741883583,Pahaladeniya Central 45/B
Danushka Rajitha,196044149279,0789003356,Kudatota 356/B
Malith Asalanka,197972434960,0769407193,Paranagamuwa Central 782
Sanjeewa Premadasa,195999068939,0711811603,Kalpitiya South 347
Charith Gunawardena,196267995963,0744920435,Nawalagamuwa Central 83
Samantha Mathews,200075342400,0755715911,Lunugamvehera South 972/B
Sandun Thirimanne,462842949V,0775539744,Ratugama Central 691
Chaminda Asalanka,199525594806,0755787025,Nawalawatta 941/C
Ruwan Gunawardena,117795728V,0703788133,Pahalapura Ihala 722/A
Bhanuka Muralitharan,748273909V,0724321525,Hinguragama North 336/C
Dimuth Bandaranaike,504281279V,0702528963,Yatinuwara 881/B
Sampath Mendis,760082517V,0716116255,Vavuniya Central
Gayan Malinga,449973011V,0724402099,Rukwatta Central 958/C
Anil Gunaratne,590530853V,0769943860,Maha Oya South 965/C
Darshana Fernando,301320666V,0719576488,Waligamuwa West 56/C
Susil Chameera,743796014V,0744449744,Pallegama Pahala
Mahela Jayasuriya,199247849296,0777045920,Karaveddy Ihala 714/C
Gayan Kumaratunga,196952638503,0709658040,Nuwara Eliya Pahala 720/C
Nipun Shanaka,533010152V,0707124519,Kudatota Central 254
Susantha Jayawardena,422061168V,0753233431,Nawalamulla West 540/B
Sameera Asalanka,195537008680,0745230356,Nallur East 274
Kumar Asalanka,633450408V,0748243699,Nawalapura North 236/C
Thilak Herath,196118382629,0753618392,Batakumbura North 850/A
Maheesh Malinga,206151015V,0756256995,Kudaoya South 822/B
Sudeepa Asalanka,198180197573,0775536020,Thunukkai South 299
Pathum Atapattu,451955874V,0789992334,Malimbada North 256/B
Mahela Fonseka,197813396511,0714475298,Digakanda Ihala 521
Pathum Gunaratne,749911777V,0786764839,Harispattuwa Central 840
Sujith Senanayake,195446596709,0779240696,Paranawela West 764/C
Angelo Nissanka,993452582V,0728381400,Hinguragamuwa Ihala 47/C
Thilak Bandaranaike,493034697V,0766947962,Digagamuwa West 845
Sanjeewa Kumaratunga,617695672V,0787786899,Nintavur Pahala 191/C
Nimal Asalanka,198562886148,0754880102,Karandeniya West
Pradeep Hasaranga,687183308V,0708238291,Walihena North 685
Priyantha Nissanka,198750338380,0711422382,Kurunegala North 693/A
Lasantha Atapattu,197258489980,0759577841,Thalakumbura Ihala 464
Gayan Mendis,199269382742,0727512566,Ihalagedara Ihala 625/C
Priyantha Rajapaksa,198680354446,0754049484,Laggala East 664/C
Bimal Mathews,827768050V,0701496247,Navagattegama Pahala 421/C
Pathum Jayawickrama,197071325481,0711383359,Kekirawa Ihala 111/B
Sanath Sirisena,408455824V,0745309903,Medagama 911/C
Prasanna Mendis,967023750V,0756006945,Nikaweratiya Pahala 450/C
Sunimal Mendis,199665507458,0775971646,Dodangoda Ihala 143
Gayan Samarawickrama,617873025V,0776171393,Kudakumbura West 5/A
Sandun Sirisena,191563423V,0763963576,Seruvila Pahala 796/B
Chamika Lakmal,200051743801,0706866951,Galgamuwa Pahala 991
Kavindu Chandimal,309885591V,0712473061,Digamulla West 449/B
Prasanna Sirisena,767162583V,0774396601,Paranakumbura North 398/A
Kavindu Chandimal,197632213537,0768596290,Batakumbura North
Sampath Bandaranaike,199674743759,0743946446,Ihalapura East 85
Samantha Sirisena,182090238V,0711423734,Galnewa Ihala 250
Tharindu Mathews,198238311375,0725928198,Point Pedro North 816/A
Bimal Thirimanne,450447081V,0772441985,Neluwa North 142/B
Yasas Dananjaya,864031668V,0769994143,Lunugamvehera North 271/B
Chinthaka Bandaranaike,798169647V,0716925172,Kebithigollewa North 491
Upul Lakmal,197626873494,0714879612,Thalapitiya East 471/A
Heshan Gunawardena,568666187V,0741512851,Sudukaduwa 175/C
Thilak Shanaka,200099106552,0756938696,Kothmale North
Suranga Muralitharan,897598922V,0783212256,Malimbada East 4/B
Asela Jayawardena,195739554930,0705959028,Galmulla East 642/B
Kasun Fernando,200230312356,0708038671,Aluthoya Ihala 268/B
Ruwan Dissanayake,195078809153,0716682283,Padiyathalawa Central
Gayan Dickwella,195484964598,0723647237,Welikanda Ihala 763/B
Lasantha Mathews,199266494018,0717120151,Palledeniya
Amal Bandaranaike,623635646V,0712230387,Samanthurai 760/B
Pradeep Chameera,290073070V,0765365957,Medadeniya North 840/B
Dushmantha Mathews,440303810V,0717207079,Yakkalamulla Central 122/A
Sanjeewa de Silva,196095457162,0718477777,Mahakaduwa East 152/C
Dilshan Muralitharan,624919008V,0725781278,Madurawela 99/C
Niroshan Wellalage,905328325V,0757262428,Thalakumbura Central 417/A
Lasantha Thirimanne,198056683491,0707411140,Neluwa North
Heshan Madushanka,128260449V,0743227030,Aluthtota West
Sahan Lakmal,557934503V,0755299279,Ginigoda West 660/C
Mahela Chameera,907355434V,0786258497,Nawalaoya Pahala 597/B
Dimuth Dickwella,197438647564,0767536563,Udunuwara North 754/B
Samantha Rajitha,195051597563,0755733946,Batugama South 94/A
Manjula Premadasa,557739963V,0779326268,Galnewa Central 873
Susil Hasaranga,199480059866,0715606782,Lankapura West 462/B
Dinesh Karunaratne,394153205V,0724051348,Elpitiya North 258/A
Anil Jayasuriya,196693945338,0772438898,Tangalle Pahala 551
Ruwan Premadasa,999285714V,0729525605,Padaviya West 694/B
Amal Muralitharan,470433415V,0702881850,Udahena East 616/A
Bimal Thirimanne,548230411V,0757960825,Medagedara Central 609/A
Lahiru Atapattu,196988804103,0781938823,Porativu Ihala 263/C
Yasas Karunaratne,198780935874,0775508057,Horowpothana East 749/C
Bimal Dickwella,196550907093,0719887360,Dompe Pahala 609/A
Yasas Premadasa,668572321V,0744531944,Thalakanda East 709/A
Prasanna Rajapaksa,199873060849,0782201147,Kalumulla
Gayan Samarawickrama,427491129V,0713117997,Paranatota East 165/B
Manjula Jayawardena,198937498099,0723355323,Rukmulla Central
Chinthaka Malinga,195941920260,0719739442,Ginihena East 282/B
Nipun Bandara,132297734V,0722860495,Akmeemana South 297/C
Vimal Rajitha,296408422V,0704352005,Kudamulla West
Roshan de Silva,130560352V,0747587448,Paranamulla North
Angelo Malinga,749511141V,0768633720,Ratupura West 868
Sanka Silva,196171530270,0771762914,Galkaduwa Central 710
Chamara Fernando,882336742V,0707616349,Aluthpitiya Ihala 69/C
Nipun Dickwella,195765241460,0763840721,Mundel South 872/B
Kamal Malinga,198274383641,0778894391,Kalukanda North 393/B
Sameera Senanayake,195813693182,0752947283,Kandaketiya Central 453/B
Wanindu Fernando,771461533V,0747187397,Welikanda Central 839
Sandun Fernando,195729012848,0718592897,Porativu Central 415/C
Chamara Gunawardena,797989123V,0752889817,Palledeniya 112
Ruwan Madushanka,384199292V,0777440300,Galewela North 283/C
Kumar Fonseka,198025893762,0725062179,Udaoya West 377
Danushka Kumaratunga,195379979980,0714413674,Pachchilaipalli East 68/A
Dushmantha Hasaranga,198244060313,0786568706,Puttalam South 872/B
Mangala Samarawickrama,461752285V,0769864700,Thalagama West 731
Malith Sandakan,198798624807,0707615267,Ratupitiya West 664
Nipun Jayawickrama,554838704V,0768457894,Digamulla West 358/C
Ajith Dananjaya,251385499V,0712017787,Batapitiya North 95/B
Wanindu Muralitharan,806212549V,0729265848,Kiriella 18/A
Sujith Dickwella,110440157V,0789220054,Batuhena Ihala 749/B
Samantha Herath,468039065V,0742599575,Ratuwatta Pahala 22/C
Nalin Shanaka,948883898V,0775756984,Velanai Pahala 393/C
Chandana Gunaratne,451099210V,0705741435,Paranawela South 340
Upul Fernando,373693532V,0724172526,Ihalatota Pahala 498
Dasun Malinga,199894060550,0783779007,Mihintale Ihala 656/A
Priyantha Gunaratne,212913915V,0751472187,Waligama Ihala 863
Danushka Jayawickrama,197389703530,0747382494,Walapane Pahala 765/A
Wasantha Chandimal,199216069214,0786173987,Thalagala West 877
Sahan Lakmal,255954444V,0779164868,Ratugama Pahala 650/C
Amila Dananjaya,549572986V,0769425556,Galgamuwa Central 636
Sunimal Mendis,180108052V,0714765732,Medawachchiya 871/A
Dilshan Shanaka,138210183V,0727059002,Pahalamulla 179/C
Sujith Jayawardena,668437523V,0757258006,Vavuniya North Pahala 643/C
Susil Karunaratne,423248161V,0722986224,Point Pedro Pahala 110/C
Chaminda Fonseka,360864155V,0713304387,Mahiyanganaya East 106/A
Kasun Sirisena,840836943V,0716776348,Thawalama Pahala
Kelum Asalanka,196077276474,0723494625,Ukuwela East 126/B
Dilshan Vandersay,197676320343,0744962982,Eheliyagoda West 135/A
Priyantha Thirimanne,861427494V,0722888361,Kaluhena Pahala
Tharindu Rajitha,192459481V,0727062025,Udapalatha 11/A
Heshan Fernando,457860586V,0748493649,Ratugamuwa 851/C
Chamika Senanayake,249803889V,0718034768,Agalawatta Ihala 32/B
Sujith Hasaranga,378509524V,0715441333,Thalagala Central 599
Kasun Jayawardena,228275920V,0774127303,Kataragama South
Anil Embuldeniya,345600883V,0788902721,Minuwangoda Ihala 155/A
Samantha Atapattu,195427578341,0716327895,Ambalantota Pahala 781
Kelum Dickwella,601031706V,0784393291,Aluthtota 291/A
Anil Samarawickrama,198246367723,0723939619,Mutur 410/C
Asanka Bandara,196391559625,0749011975,Eheliyagoda Pahala
Malith Atapattu,195645200667,0723169145,Monaragala
Angelo Herath,199334594422,0758301659,Kalugama West 404/B
Rumesh Rajitha,985500194V,0707043205,Digapitiya North
Nilantha Samarawickrama,198277686326,0783378810,Udunuwara Central 149/C
Ajith Chameera,196519447528,0779516702,Medamulla East 199
Bimal Sirisena,196554349453,0764822327,Kaluoya 601/B
Sudeepa Vandersay,530792532V,0766905763,Galdeniya Pahala
Isuru Madushanka,678588246V,0748478054,Yatinuwara South
Chamara Gunawardena,524897349V,0774727271,Batugama Pahala 402/B
Indika Kumaratunga,196548378304,0742259652,Kalupura South 793/A
Nilantha Dissanayake,198696708331,0721334689,Maha Oya South 919/A
Namal Muralitharan,744279537V,0714044808,Rukpitiya Ihala
Chandana Karunaratne,196932150464,0768177886,Palleoya Central 490/A
Asela Thirimanne,196125103536,0708479501,Hikkaduwa Central
Prasanna Perera,198912000489,0742691194,Habaraduwa Central 566/C
Chathura Liyanage,999122437V,0777099097,Thalapitiya South 668/A
Maheesh Liyanage,257752932V,0779196665,Batakumbura Central 125/A
Janaka Sandakan,197916135695,0715918806,Katana Central
Wanindu Jayawardena,195730746569,0724055945,Kuchchaveli West 49/B
Kavindu Silva,434692161V,0721910087,Padaviya North
Tharindu Dananjaya,745093534V,0752893840,Pahalagama Pahala 288
Sampath Malinga,975903108V,0768232075,Balangoda West
Dasun Madushanka,197329533668,0772568031,Batukaduwa Central
Thushara Thirimanne,295393735V,0771371870,Kalutota South 584/C
Pradeep Wickremesinghe,195635232766,0742623151,Pallama North 701/C
Yasas Theekshana,197430984746,0744310130,Kundasale Ihala 392/A
Sunimal Wellalage,196821998000,0764237479,Sandilipay Pahala
Lahiru Gunawardena,602710722V,0773575657,Lankapura Central 521
Isuru Rajapaksa,196146283491,0728617675,Batugamuwa Central 775/B
Krishantha Theekshana,199654086029,0775056608,Yatinuwara Central 912/A
Yasas de Silva,928144841V,0777147439,Udakaduwa South 325/A
Danushka Senanayake,197714837499,0713097279,Ambalantota East 285
Charith Dickwella,200276800699,0767416390,Maha Oya Central 31/B
Janaka Theekshana,175702758V,0782526293,Wellawaya South 116/A
Dushmantha Kumaratunga,196443846065,0743447245,Medakanda Ihala 225/A
Susil Udana,196344945368,0745854381,Ratugedara Central 811/C
Nipun Malinga,648432005V,0714300233,Hakmana Pahala 569
Charith Muralitharan,200126860647,0775831020,Ginikaduwa Central 814/A
Thushara Fernando,498697706V,0783782997,Hingurawatta Ihala 922/C
Indika Chandimal,199735173491,0725379791,Kesbewa East
Charith Jayasuriya,199384968601,0777206270,Digawela 82/B
Krishantha Chameera,198083677842,0745077773,Uva Paranagama Ihala 83
Sunil Chameera,198224500644,0745213912,Lahugala South 609/A
Sunimal Liyanage,328809376V,0769321443,Medaoya North 867/C
Nishantha Perera,822891279V,0769369483,Rambukkana North 624/A
Yasas Lakmal,198848749794,0767327568,Jaffna West 347/B
Chinthaka Silva,679221015V,0723361894,Polonnaruwa West 446/B
Dasun Perera,107785964V,0704128642,Akuressa North 100
Pradeep Thirimanne,197363885536,0777331832,Walipura 435/A
Bhanuka Malinga,196549675124,0706872874,Kahatagasdigiliya East 288/B
Krishantha Mathews,198169602929,0774527832,Hatton South
Sanjeewa Fernando,266085452V,0786418850,Pahalakanda South 456/B
Sameera Vandersay,316972147V,0747790114,Lahugala East 560
Lasith Madushanka,304249307V,0705100385,Galigamuwa Pahala
Dinesh Nissanka,122008519V,0756739156,Pahalawatta North 40/A
Lahiru Kumaratunga,198222255551,0768906517,Rukmulla West 623/C
Ajith Perera,199535963888,0762533811,Chilaw Pahala
Susil Jayawardena,968030859V,0776703700,Galpura Ihala
Mahela Wellalage,197846341081,0772943651,Oddusuddan Ihala 9/B
Sampath Gunaratne,564578650V,0753296543,Aluthwatta West 59/A
Dasun Fonseka,197733389735,0706810595,Kalupitiya South
Mangala Lakmal,195987497837,0727774273,Pallekaduwa East
Kelum Karunaratne,197784750941,0755441877,Giniwatta Central 247/C
Sameera Thirimanne,720897583V,0741042027,Kamburupitiya South
Kumar Senanayake,196574030575,0789265401,Pelmadulla Central
Amal Madushanka,195843790413,0788975568,Kalugama West 58/A
Angelo Herath,200188461053,0704495872,Ruktota Pahala
Isuru Jayawickrama,669421054V,0724787699,Hinguragedara Ihala
Rumesh de Silva,998267873V,0729463010,Deraniyagala 86/B
Dilshan Gunaratne,199786567837,0786567920,Hali-Ela South 263/B
Nipun Asalanka,195996509653,0787788698,Mahiyanganaya North 54
Roshan Wickremesinghe,197928951473,0701794512,Ihalapitiya Pahala 924/B
Kasun Madushanka,199889568220,0702599148,Digagama West 64
Susantha Chameera,479405502V,0783458709,Digawela 72
Dinesh Malinga,198628863673,0704474861,Point Pedro East
Upul Muralitharan,349640200V,0759320211,Tissamaharama Central
Wanindu Embuldeniya,199839804350,0768933456,Oddusuddan 505
Chandana Karunaratne,197631626639,0742583851,Rajanganaya 400/A
Chinthaka Rajapaksa,198292366735,0773440795,Mahahena West 932/B
Manjula Dissanayake,198189173719,0766416207,Batupitiya East
Lahiru Jayasuriya,200277763128,0752357352,Lankapura West 661
Kamal Fonseka,195790493588,0777532207,Katuwana East 769
Nalin Chandimal,197553668133,0769081752,Sudupitiya East 426/C
Asela Nissanka,720089203V,0779130116,Ginipura East 378/A
Sampath Karunaratne,160652962V,0714639700,Ratuhena South
Randika Wellalage,200356155180,0761701195,Rukkanda West 486/C
Chaminda Madushanka,815646907V,0777768858,Galigamuwa North
Samantha Udana,761830694V,0724543812,Nawalagala
Lasith Perera,627667143V,0726495965,Soranathota West
Upul Chandimal,196496015416,0784912199,Lunugala South 128/B
Rumesh Bandaranaike,115624547V,0755794754,Mahapura Pahala 79/B
Yasas Rajitha,661351180V,0758149877,Mahakumbukkadawala South 36
Pubudu Mathews,198671960442,0784945270,Digagala Ihala 367/C
Gayan Perera,384016321V,0777932253,Kudakumbura 132/A
Dilshan Jayawickrama,965791462V,0714743386,Pallama Central 719/B
Mahela Muralitharan,198974184994,0787681888,Beruwala East 767
Nuwan Dickwella,197264459764,0764680497,Udagala Ihala
Pubudu Lakmal,195650001937,0715223597,Harispattuwa Pahala 950
Sanath Embuldeniya,696796959V,0711447897,Mahawewa Pahala 270
Kelum Karunaratne,198919862333,0765826702,Digaoya Ihala 710/A
Malith Hasaranga,986421697V,0786835699,Waligala South 657/B
Lasantha Asalanka,197156949555,0712462452,Sudupitiya East 815
Thilak Dananjaya,197096354766,0774076283,Kudadeniya Ihala 75/B
Kusal Wellalage,198467406088,0749264122,Digapitiya East 918/A
Nipun Senanayake,111878020V,0727047039,Giriulla South 596/C
Gayan Jayasuriya,200496689542,0755881097,Kaluhena East 281
Kusal Senanayake,290631735V,0766287032,Ratuhena
Chamara Bandaranaike,818266184V,0748555261,Walihena Pahala 56/A
Sanka Fernando,990554557V,0704879798,Lankapura Ihala
Charith Vandersay,198176381751,0743507290,Sudugala Central
Indika de Silva,167803260V,0704338685,Pahalakaduwa South 666/B
Rumesh de Silva,197885708612,0782132077,Batugedara East 650
Priyantha Embuldeniya,199117638053,0713119540,Porativu 481/A
Nishantha Fonseka,830387166V,0724484043,Anuradhapura West
Sujith Malinga,197567900881,0747796914,Neluwa Ihala 289/C
Priyantha Jayawardena,715870834V,0749993445,Udunuwara West 952/C
Malith Bandaranaike,822860871V,0746375689,Angunakolapelessa South 318/C
Anil Muralitharan,200076622896,0712594230,Hambantota South
Wasantha Bandara,197444675277,0764591968,Kataragama East 731/A
Vimal Chameera,796991270V,0778045415,Nawalawatta
Janaka Hasaranga,757395024V,0758825745,Udahena East
Kapila Atapattu,196217120700,0705931393,Digawatta Pahala 716/A
Mahela Herath,199735810718,0746050458,Welimada Pahala
Wanindu Udana,195625983299,0753200496,Aranayaka 238/B
Priyantha Rajitha,206372676V,0783146582,Kahawatta Central 366/B
Wasantha de Silva,199650440139,0709829772,Ratutota Ihala
Sunil Jayawardena,912961248V,0788566021,Sudugamuwa Central
Ruwan Chandimal,415148953V,0712935596,Pallekumbura West 899/A
Vimal Chandimal,199991631318,0718448821,Aluthdeniya Ihala 597/A
Kumara Jayawickrama,198080315193,0703623001,Biyagama Central
Anil Wickremesinghe,196365911436,0773678323,Walimulla Central
Sahan Vandersay,277662299V,0708147753,Ukuwela Central 269/C
Thilak Senanayake,451580480V,0746554589,Ratugama South 669
Sahan Jayawardena,196474393020,0742931473,Arachchikattuwa Ihala 923/A
Nuwan Chameera,760038620V,0756949528,Medagedara South
Sameera Malinga,200094351303,0762899500,Kalawana Ihala 282/B
Kumara Gunaratne,197059370867,0715702295,Monaragala North
Danushka Asalanka,197851405804,0706900459,Galwatta Central 895/C
Mahela Madushanka,629791874V,0782294070,Seethawaka Central 122/A
Heshan Madushanka,960623656V,0754917620,Medaoya West
Sandun Jayawardena,199666893164,0749070777,Okewela East 437/A
Sanath Wickremesinghe,891836865V,0705917928,Weeraketiya Central 477/C
Pubudu Premadasa,200070803524,0708497809,Nivithigala South 839/B
Nishantha Perera,195770355693,0762575471,Kudakumbura Central 578/A
Nishantha Malinga,196760627920,0789823053,Bibile
Gayan Dananjaya,793068998V,0773282001,Horana North 749
Danushka Herath,200369806839,0766652174,Jaffna North 564/B
Sanath Senanayake,199443128857,0702777211,Walihena Ihala 554/A
Krishantha Dickwella,200094017016,0773410230,Paranawela East 707/A
Vimal Liyanage,200475002100,0783547094,Samanthurai South 145/C
Randika Dissanayake,200348673951,0717718458,Giriulla Ihala 644/C
Manjula Karunaratne,200133909205,0724030683,Medatota Pahala 326/A
Mahela Chameera,199979307829,0714888313,Paranakumbura East 367/B
Darshana Madushanka,369376571V,0757112406,Giniwatta West 530/B
Nalin Mathews,163389540V,0789651682,Digaoya Pahala 251
Randika Jayawardena,488248027V,0778003403,Digawela 55/C
Sampath Samarawickrama,195375956621,0748478946,Ruwanwella South
Upul Herath,199287697039,0722412385,Sandilipay North 923
Susil Wellalage,195549753385,0714159988,Nikaweratiya East 465
Heshan Madushanka,852825106V,0782927998,Paranawela Ihala 560
Asela Hasaranga,250038542V,0728689572,Pallewela 21/A
Niroshan Chameera,515549998V,0708367630,Bulathkohupitiya East
Dilan Sandakan,199510496777,0708686260,Thalapura Central 11
Nimal Lakmal,197910815420,0746667803,Gampola Central 985/A
Ruwan Nissanka,196438010875,0776629909,Dodangoda East 490
Kusal Sirisena,196191263807,0784511815,Pahalaoya North 850/B
Kelum Liyanage,198330960337,0768808184,Ginimulla Central
Sudeepa Dananjaya,886170732V,0746048640,Hinguragala Central 699/B
Randika Wellalage,199387741621,0703995370,Wennappuwa North 166/B
Bhanuka Vandersay,196833923270,0784263226,Ginikaduwa East
Lasith Mendis,196712435379,0774686175,Karachchi South 889/B
Tharindu Vandersay,199258934243,0781607086,Nivithigala 583
Sameera Malinga,724995386V,0765610921,Bandarawela West 760/C
Chathura Theekshana,975280462V,0751781468,Gampaha North
Kasun Madushanka,196823380638,0773680701,Arachchikattuwa Pahala 596
Sudeepa Rajitha,196396978145,0701051993,Welikanda Ihala 411/B
Kamal Madushanka,199692941916,0778289863,Suduwela Ihala
Upul Thirimanne,165100121V,0773185218,Paranawatta Central 443/C
Chandana Herath,606124518V,0758652488,Rukgamuwa East 67/B
Susil Dissanayake,198377677851,0722488898,Walapane West 751/C
Kusal Udana,589046035V,0755229537,Mannar East
Charith Fonseka,196599682740,0779654798,Mahakumbura East
Dilshan Vandersay,195743877964,0788109498,Batagala Pahala 620/A
Sahan Fernando,251586489V,0743840765,Bope-Poddala Ihala
Prasanna Herath,195269271904,0765367152,Mihintale East
Sameera Perera,592699670V,0768245492,Digagamuwa Pahala
Gayan Wickremesinghe,197170526815,0728355127,Paranakaduwa West 662
Darshana Vandersay,200847892V,0767845994,Batamulla
Wanindu Perera,973594832V,0712306351,Nawalapitiya West 95/B
Kasun Malinga,215021812V,0703469223,Digaoya Pahala 108/C
Amila Jayawardena,196525010600,0755818691,Mirigama Pahala 536
Tharindu Asalanka,197355618077,0775618113,Kudaoya North 430/A
Maheesh Bandara,826213806V,0766091641,Mawathagama North
Danushka Gunawardena,510894755V,0755381156,Thampalakamam East 742/B
Ajith Theekshana,954805784V,0751836390,Vengalacheddikulam Ihala 42/C
Chinthaka Senanayake,252951429V,0704746735,Samanthurai South 434/A
Ajith Thirimanne,198440773927,0705563886,Pallekanda West 384/B
Ajith Jayawardena,140576889V,0783773976,Thalapura East 557/C
Wasantha Samarawickrama,197140017182,0763869161,Mawanella West 288/A
Nishantha Sirisena,195188304892,0759071063,Paranakanda West 792/C
Sudeepa Fonseka,488749625V,0748884783,Nawalawela 325/C
Malith Madushanka,196768864499,0708571187,Dambulla Pahala
Nipun Bandara,685795429V,0715043111,Kudakaduwa Pahala 126/C
Dilshan Vandersay,181837536V,0721485548,Batagala Central 339/B
Bimal Muralitharan,198147305229,0763889408,Rukwela South
Priyantha Sirisena,841626455V,0775407290,Aluthpitiya Ihala 798
Sunimal Mendis,400596234V,0752430398,Kandaketiya East 851/C
Thushara Senanayake,197228579639,0729965576,Soranathota West 505/B
Darshana Embuldeniya,951226804V,0764582490,Sewanagala South
Asanka Dickwella,200476869063,0701563470,Batugala West 874/B
Amila Fonseka,418290324V,0711417099,Weeraketiya Ihala
Sameera Silva,195396937250,0789250165,Kalutota North 288/B
Malith Mathews,434065791V,0758036095,Ginikaduwa North 678/A
Chinthaka Madushanka,196930204682,0764470153,Musali Pahala
Pradeep Rajitha,870595072V,0749234565,Meegahakivula South 45/C
Sujith Jayawickrama,276875449V,0728611609,Pallekumbura Ihala
Kusal Asalanka,181430659V,0746644681,Kaluwatta West
Mahela Vandersay,195835845248,0764001911,Rambukkana West 291/C
Yasas Muralitharan,434103746V,0758851681,Batapura Central 637/B
Ruwan Malinga,196878969531,0754858320,Thalapitiya 501/B
Dilan Fonseka,195712168956,0755819858,Ayagama Central 739
Sampath Hasaranga,730558975V,0726622851,Ambagamuwa Pahala 93
Lasith Theekshana,339720549V,0789503038,Batugedara Pahala 851/C
Dushmantha Malinga,195149799022,0717848790,Ruktota Pahala 842
Susantha Jayasuriya,570790291V,0758295432,Mahara Ihala 860/B
Mangala Jayawardena,931875912V,0755242139,Dickwella South 781/C
Roshan Atapattu,197493036000,0728334788,Waligamuwa South 363/C
Wasantha Sirisena,196499125330,0743667160,Thunukkai North
Sampath Malinga,363053221V,0704574877,Kaludeniya South 18/C
Kumar Gunaratne,912452234V,0728828426,Batuwatta 772/A
Amal Senanayake,195427719827,0788767790,Batagoda Pahala 345
Chaminda Muralitharan,198794891705,0706156279,Pallewatta West
Darshana Theekshana,265101237V,0763670820,Aluthgamuwa West 102/B
Chamika Premadasa,755792367V,0721431258,Maharagama Ihala 846
Sampath Jayasuriya,196741992023,0771903431,Pahalaoya Pahala
Suranga Kumaratunga,195135396348,0715914677,Palletota 249
Dimuth Nissanka,199752952144,0779940597,Waligamuwa North 686/A
Heshan Udana,199524996248,0768069164,Udahena Ihala
Tharindu Chandimal,179177528V,0789588683,Galle West 198
Sanath Wickremesinghe,245498840V,0722483466,Meegahakivula North
Sudeepa Rajapaksa,992870652V,0741967810,Digagama South 308/A
Danushka Udana,197052420437,0762823477,Rukwela Ihala 436/A
Sudeepa Karunaratne,455823756V,0711877802,Nawalagama South 737/A
Pradeep Samarawickrama,197721525165,0762151519,Biyagama Ihala 480/A
Sunil Fernando,968599754V,0705340840,Palledeniya Ihala 66
Anil Chameera,197742426091,0701671721,Tangalle East 662/A
Chaminda Fernando,198084914214,0725584769,Thalakumbura North 979
Rumesh Dissanayake,844798826V,0741046700,Manthai East Ihala 545/C
Nalin Gunaratne,185174779V,0707628403,Haputale Central 183
Nimal Wickremesinghe,539827584V,0743169974,Velanai Central 369
Indika Sandakan,248977262V,0761501494,Aluthgama Central 924/A
Sanath Asalanka,199981666422,0716309361,Dickwella Central 869/B
Mangala Vandersay,197755756977,0715809992,Ratugama West 750/A
Indika Wellalage,602021112V,0749611373,Imaduwa 256/A
Dimuth Sandakan,195013176635,0704394572,Musali 760/C
Asela Herath,828435365V,0706812278,Sudugala Central 991
Upul Herath,196020686292,0787043994,Panadura East 356/B
Chamara Senanayake,978703149V,0762100877,Paranawatta Pahala 900/B
Janaka Dananjaya,197965475449,0704732184,Welimada West 912/C
Kelum Madushanka,195131468485,0704990177,Thalapura West 642
Samantha Sirisena,620094940V,0751202274,Akmeemana Ihala 785/C
Sunil Lakmal,197436233V,0728548910,Rukgama East 929
Dasun Jayawickrama,196010745014,0784704855,Mahakumbukkadawala Pahala 494/A
Dushmantha de Silva,197381928749,0744767645,Ratugoda East 811
Heshan Wellalage,195269460371,0708838423,Aluthgedara West
Angelo Malinga,473001177V,0747413702,Koralai North 830
Bhanuka Vandersay,200461415059,0712062668,Wennappuwa East 696
Lasantha Chandimal,198198454952,0743965596,Colombo South 909
Danushka de Silva,197772641571,0704365555,Udagama South 596/A
Kavindu Sirisena,198436645378,0766715952,Rukgamuwa South
Isuru Dananjaya,301543940V,0777797618,Hingurakumbura Pahala 759/C
Amila de Silva,166263011V,0763170771,Ihalakumbura East
Chamara Perera,199742525956,0789261403,Batagala 102/C
Kumara Wellalage,263739864V,0756418390,Kudagoda Central
Sampath Bandaranaike,200070176175,0703492936,Suduhena West 914/B
Indika Mendis,197375232024,0707696074,Walapane Central 15/C
Nipun Gunaratne,602358835V,0753754225,Maharagama Ihala
Mahela Senanayake,199474377643,0718038621,Sudugala West 763/A
Asela Bandaranaike,955700533V,0766176183,Hinguraoya West 215
Kumara Malinga,199690448739,0704138269,Galhena Central 663/C
Bimal Sandakan,199327333238,0761989851,Ampara Ihala 809/B
Susantha Jayawickrama,195414227018,0751830969,Dodangoda South 728
Nilantha Mathews,194140147V,0701889592,Ginikumbura 878
Bimal Vandersay,200180455445,0728453493,Nawalamulla North 743/B
Kavindu Theekshana,199281972384,0761168139,Koralai West 885/C
Suranga Theekshana,274775395V,0705160870,Pallekanda East 271/B
Lahiru Madushanka,882512022V,0785310079,Elahera Pahala 164/C
Prasanna Shanaka,785824809V,0749042324,Galwela Ihala 677/B
Pradeep Dickwella,195167986106,0708190352,Kandaketiya North 755/A
Sunil Sandakan,195350033180,0766289180,Batagedara West
Dushmantha Bandara,721928078V,0756213771,Deraniyagala East 818/C
Sanath Dissanayake,196576647686,0707537113,Vavuniya South Ihala 544/A
Janaka Dissanayake,197676712901,0778893852,Morawewa West 452
Malith Rajapaksa,195417164933,0716937849,Benthota North 442/B
Maheesh Jayasuriya,199580186V,0762168205,Elpitiya 437/C
Dushmantha Herath,196759401600,0757166830,Ja-Ela South 34/A
Roshan Rajapaksa,776967440V,0742793245,Madhu Central 478
Manjula Samarawickrama,196448113248,0726747885,Nawalatota Pahala 788
Mahela Senanayake,199338283633,0715690892,Batawatta West 439/A
Ajith Sandakan,199222573198,0719409865,Ihalatota North 749/B
Namal Karunaratne,197381712656,0707076208,Udawatta West 342
Dasun Hasaranga,456771433V,0742249587,Kalawana Pahala 715/C
Sunil Embuldeniya,197018382989,0708372959,Kalukaduwa East 556
Nilantha Bandara,199242424812,0778317251,Akmeemana Central 224
Kamal de Silva,197658262764,0768543653,Uduvil 591/A
Krishantha Premadasa,266901669V,0772357390,Ihalamulla Ihala
Bhanuka Malinga,196932584195,0763374061,Thalapitiya 914/B
Maheesh Bandaranaike,935260734V,0715741135,Beruwala Pahala 269/B
Rumesh Embuldeniya,197080372117,0718668883,Bandarawela North 693/C
Roshan Sandakan,351066555V,0702586990,Ihalakaduwa East 654/B
Angelo Karunaratne,629321578V,0745800612,Ratukaduwa South 736/B
Angelo Vandersay,982088944V,0761346845,Navithanveli North 687
Lasith Vandersay,200113830198,0754327820,Digagedara Pahala 618/A
Sanath Rajitha,199015174729,0705305066,Dimbulagala North 872/B
Sanath Chandimal,196837142386,0787455803,Siyambalanduwa 710/B
Darshana Herath,195387281328,0777147838,Karaitivu North 129/A
Yasas Fernando,442953483V,0768243690,Eppawala
Nipun Premadasa,198854953263,0786687114,Navagattegama Pahala 949
Prasanna de Silva,764988715V,0713188391,Nawalagoda 763/C
Sujith Wellalage,196688692327,0707754623,Kudapura West 293/A
Samantha Dickwella,228987714V,0754727332,Aluthtota Pahala
Kavindu Muralitharan,195938871271,0766074233,Homagama
Lasantha Embuldeniya,197433218658,0789611542,Maho North 359/C
Amila Madushanka,198184478029,0782821081,Batugamuwa 435
Nilantha Vandersay,548041528V,0751605837,Kalupitiya North 972/C
Sujith Mendis,196597193208,0706356139,Siyambalanduwa Ihala
Asela Dickwella,136912498V,0727824217,Ja-Ela East
Krishantha Madushanka,710687050V,0713226248,Maritimepattu North
Nalin Shanaka,260090245V,0729068420,Mahagama 181/C
Sahan Muralitharan,197476629198,0772230380,Galgama Ihala 738/B
Lasantha Chandimal,118125831V,0765633760,Thalapura North 886/C
Dinesh Sirisena,541737293V,0746428379,Hinguraoya South
Nuwan Udana,198142456520,0728202219,Walallawita 272/B
Thushara Silva,369375989V,0723958515,Rukpitiya South 303/A
Pradeep Samarawickrama,230262490V,0742766506,Ratuhena 511
Nuwan Vandersay,556724775V,0722734732,Hakmana Pahala
Samantha Lakmal,166559373V,0751819018,Pahalatota Ihala 532/B
Dinesh Sirisena,199947706089,0779001462,Paranapitiya Pahala 987
Sudeepa Bandara,199726450065,0785000735,Batawatta Ihala
Nilantha Chandimal,195055720150,0778295636,Paranatota Central 73/B
Kasun Thirimanne,579459029V,0729129659,Mahapitiya East 466/A
Danushka Rajapaksa,523730722V,0777378789,Ginigedara West 407
Susantha Nissanka,897290865V,0742694020,Thamankaduwa Ihala 721/A
Nimal Wickremesinghe,923653961V,0767259932,Rattota East 496
Ajith Premadasa,493508196V,0764847558,Wennappuwa Central 129
Ajith Hasaranga,944433629V,0749469665,Ihalagamuwa South 393/B
Dilan Kumaratunga,197055706872,0707117414,Sandilipay East 948
Chamika Bandara,197754875579,0783566938,Batugama North 167/A
Charith Chameera,847564212V,0778738112,Galkaduwa West 479
Kumar Atapattu,648487280V,0726335426,Kuchchaveli North 62/B
Thilak Perera,930661112V,0765211212,Rukgamuwa
Gayan Wickremesinghe,812245012V,0783292814,Pahalagoda South
Prasanna Embuldeniya,315009614V,0727038947,Galwela Pahala 172
Sujith Gunawardena,258522685V,0753470086,Attanagalla Ihala 653
Pubudu Samarawickrama,196914661567,0761185232,Moratuwa Pahala 533
Roshan Karunaratne,451827805V,0709455142,Gampola Central 244/B
Chathura Samarawickrama,197954903778,0724452443,Galgamuwa Pahala
Kelum Chameera,555883797V,0762486280,Bataoya West 366
Mahela Samarawickrama,867800017V,0784105168,Mahakumbukkadawala South 779
Mangala Atapattu,199883080494,0708976275,Habaraduwa North 137/B
Sameera Fonseka,200219459907,0759975952,Habaraduwa Central
Tharindu Premadasa,611500030V,0782692313,Mahapura West
Yasas Chandimal,198660445494,0788175913,Aluthmulla North 653
Kasun Dickwella,197876779691,0779027469,Kilinochchi South 187
Thilak Malinga,899546781V,0764116696,Ginigala West 809/B
Heshan Wickremesinghe,199520939124,0769517448,Thalatota South 760/B
Manjula Jayasuriya,598022929V,0777002974,Weli Oya East
Sanjeewa de Silva,198039053266,0722952607,Hinguradeniya East
Bimal Bandara,195540734644,0718584934,Madampe Pahala 995
Dimuth Lakmal,640754542V,0781728756,Walikumbura East 616
Vimal Sirisena,196483736664,0789647880,Pasgoda Central
Kumara Mathews,196545552329,0711372639,Mahakumbura South 381
Kamal de Silva,773571129V,0754416405,Medapitiya South
Suranga Lakmal,199342305500,0753735039,Thalapitiya West 858/A
Amal Herath,198725606982,0727876400,Bandaragama Central 750/C
Nilantha Mendis,199136888533,0725042623,Yatawatta East 547/C
Samantha Udana,197031954736,0745699612,Kopay 470
Sanjeewa Fernando,196814701668,0755685410,Ginipura West 953/B
Dilan Herath,196589460059,0766290875,Meegahakivula East 603/B
Wanindu Fernando,200221593945,0788033085,Devinuwara South 552/A
Wanindu Atapattu,644275804V,0776936926,Rukmulla Pahala
Nilantha Thirimanne,198086449394,0723206361,Puthukkudiyiruppu Central 716
Bhanuka Jayasuriya,693588146V,0785798054,Sudugedara North
Sujith Jayasuriya,103214649V,0787616026,Yatawatta South 12/A
Angelo Mendis,286406975V,0757673134,Sudugala East 375/C
Amila Jayawardena,197437526157,0774128844,Manthai East South 821/C
Sampath Mathews,196033166574,0712418925,Hinguradeniya South 909/B
Lahiru Lakmal,347863336V,0741271844,Katana Pahala 263/B
Roshan Fonseka,699062463V,0726323482,Dehiwala North 380/B
Isuru Premadasa,299881552V,0711521860,Udapalatha East 463
Upul Rajitha,199135934657,0743860612,Aluthwatta South 178/A
Tharindu Wickremesinghe,197048660596,0758812205,Wellawaya East 179/C
Sujith Fonseka,648723300V,0752530334,Udagamuwa 983/B
Lasith Fonseka,196985004297,0787281999,Hingurakaduwa Central
Sampath Perera,435583748V,0727231801,Galtota
Nilantha Rajapaksa,196689635134,0723175029,Lunugamvehera West 603
Sameera Fernando,557053075V,0777276894,Chavakachcheri North
Wasantha Muralitharan,815542718V,0743142401,Sudugama North
Tharindu Silva,149487691V,0762318657,Uhana South 946/C
Krishantha Chandimal,197247500736,0764888303,Tellippalai Pahala 777/A
Sahan Mendis,200495584162,0716078494,Kalukaduwa West 113
Lahiru Silva,676748644V,0783889654,Kopay Ihala 761/B
Chathura Lakmal,156414252V,0766876301,Kudagoda South 419/C
Samantha Jayawickrama,276816260V,0708002695,Ratuwela North 835
Suranga Mendis,817221861V,0788671602,Kesbewa 50
Asela Liyanage,195776321219,0751559330,Batahena 121/C
Chamara Rajapaksa,537827958V,0718936504,Maha Oya North
Malith Fernando,516440473V,0758200814,Ambalantota 72/A
Ajith Madushanka,368676312V,0741293974,Imbulpe North 869
Nishantha Dissanayake,196599027409,0764499591,Ratutota South 567/C
Asanka Muralitharan,578404389V,0776151710,Haputale Pahala
Nishantha Jayasuriya,199436900758,0718712256,Kilinochchi East 214
Kasun Embuldeniya,761275214V,0785481694,Sudupura Pahala
Yasas Jayawickrama,244201236V,0771956208,Mahagoda Pahala 481/A
Roshan Nissanka,188555243V,0741858925,Nuwara Eliya South
Bhanuka Gunaratne,897605655V,0784414664,Wennappuwa East 606/B
Dushmantha Fernando,213596751V,0763401403,Nawalaoya North 859/C
Nuwan Dananjaya,198387272132,0714639419,Ridimaliyadda Ihala
Asanka Kumaratunga,197726476206,0761261577,Kahawatta East 221/C
Prasanna Jayawickrama,198315475550,0764028325,Hali-Ela 474
Nimal Samarawickrama,195092886069,0779811192,Hinguragedara Ihala 458/A
Chamara Nissanka,195011536987,0776561977,Thampalakamam Ihala 365/B
Lasantha Fonseka,599058536V,0762546732,Paranawatta East
Namal Lakmal,913111616V,0775537428,Thambuttegama 494/C
Pathum Senanayake,198356380128,0785470146,Medagala Ihala 50/A
Kumara Rajitha,393450364V,0758810573,Mahawewa Central 417/B
Bhanuka Sirisena,197778528785,0716160782,Hingurawela North
Ruwan Atapattu,828186178V,0763697254,Suduwatta Central 784/A
Chinthaka Thirimanne,196951391151,0789901114,Galpura West 618
Bimal Gunaratne,197142766054,0706209610,Uva Paranagama North 978/B
Malith Rajitha,196486681168,0781485830,Kandavalai East 381/C
Dinesh Embuldeniya,195664813454,0701672800,Pahalaoya West 408/B
Namal Madushanka,198877852420,0709461355,Mahakumbukkadawala 841/C
Bhanuka de Silva,197635397129,0751748101,Kandavalai
Gayan Mendis,195689336644,0728724316,Nintavur Pahala 625/A
Dilan Perera,214837067V,0776741922,Thalapura South 952
Suranga Madushanka,900787215V,0702685321,Gampola West 808/B
Janaka Senanayake,382063837V,0756230597,Yakkalamulla Ihala 371
Sunil Gunaratne,197749790679,0789969842,Rukoya South 447/A
Kasun Malinga,196366970450,0701626123,Ratugama East
Wanindu Mendis,237354609V,0728083988,Nanaddan North 754/B
Chamara Jayawardena,197564871197,0711022574,Kudagoda North 951/A
Vimal Thirimanne,499483238V,0727485267,Thalagedara North 204
Amila Bandaranaike,195646626505,0749764208,Dodangoda East 87/B
Kumar Asalanka,200113660298,0756087244,Hingurakumbura Ihala 971/C
Sahan Bandaranaike,195730474749,0774857548,Ihalahena
Chathura Gunawardena,197366363602,0781928872,Ratnapura 343
Mangala Malinga,267658289V,0783346995,Ihalagala Pahala 736/C
Sudeepa Herath,199874792050,0742034069,Polonnaruwa North 245/A
Sahan Theekshana,199789475077,0741497784,Walihena 712/A
Chamika Embuldeniya,132296093V,0774971610,Palletota East
Kamal Premadasa,200310509458,0714386802,Manthai West 412/A
Pathum Chandimal,195850527083,0762370053,Hatton Pahala 926/C
Lahiru Chameera,937592083V,0725207744,Batupura Central 265
Kumara Lakmal,144001244V,0711123666,Ihalawela Pahala 948/A
Kumar Rajitha,761740297V,0766565351,Nawalatota East 69/C
Yasas Mathews,199760267689,0761902977,Mahakumbukkadawala Ihala 189/C
Prasanna Chandimal,195316222398,0709951903,Thalatota Pahala 266/A
Angelo Wellalage,858898451V,0761245895,Mirigama 934/C
Suranga Fernando,106135337V,0751291091,Kalugala 701/B
Ajith Dissanayake,196614243958,0764645144,Batadeniya West 34
Vimal Gunawardena,197993695542,0741687083,Mahawela West 778/A
Bhanuka Dickwella,816685355V,0728481344,Kuchchaveli 811/A
Isuru Muralitharan,195495900219,0778770138,Digagoda North 138/C
Kelum Wellalage,197784956010,0769576585,Yakkalamulla Pahala 318/C
Dinesh Wellalage,568548580V,0775553966,Ambagamuwa Pahala 166/A
Rumesh Jayawickrama,881006434V,0744692984,Polonnaruwa South 413/C
Sujith Perera,196579596668,0761555594,Opanayaka Ihala 829/A
Kapila Jayawardena,226573832V,0789849479,Galenbindunuwewa Pahala 155
Kusal Premadasa,196396422151,0715063499,Hinguragamuwa Ihala
Wasantha Rajapaksa,197984205398,0709461323,Balangoda North 932
Kumar Gunawardena,199313627639,0751721124,Batupitiya Pahala
Sunil Fernando,393180952V,0762118848,Pallepura 636
Pathum Dananjaya,776499294V,0708564389,Kataragama Ihala 741/B
Sampath Rajapaksa,178232098V,0748502290,Kudagamuwa North 163/C
Bimal Perera,198762702451,0752844907,Hikkaduwa Central 898
Anil Gunaratne,198516984079,0725762091,Hanguranketha Pahala
Nalin Nissanka,716978674V,0784620983,Aluthkanda Central 816/C
Wanindu Nissanka,199952821301,0723347158,Ihalawela Pahala 861
Pradeep Gunaratne,198637656965,0788923272,Habaraduwa North 911
Kasun Herath,297631624V,0719057735,Digakumbura Pahala 741/C
Suranga Madushanka,200343348663,0765667377,Thalamulla East 859/B
Maheesh Dickwella,412841657V,0758941238,Elahera Pahala
Sujith Chandimal,924088164V,0702209478,Ratugala South
Heshan Nissanka,777335398V,0711934984,Udawatta North
Thilak Dananjaya,199694611567,0781393379,Nawalagama South 100/C
Nishantha Theekshana,579628626V,0729643715,Kalutara North 165/B
Kelum Samarawickrama,198335833830,0726630242,Baddegama
Malith Mendis,905273512V,0774894476,Karachchi North 890
Angelo Malinga,199753917531,0721791473,Suduoya East 946/C
Yasas Madushanka,198625915677,0745349298,Bandaragama North 873/B
Lasantha Chameera,941493455V,0702242683,Galnewa East
Dinesh Chameera,199622219224,0763476354,Paranagamuwa
Sunil Theekshana,193041605V,0758644657,Chilaw Ihala 391/A
Angelo Vandersay,197721799141,0758185002,Thalapitiya Ihala
Sunimal Chameera,371751770V,0788706244,Maha Oya Central 429/A
Mahela Herath,200219194999,0753847753,Galkaduwa Ihala 532/B
Vimal Wickremesinghe,357524874V,0747879659,Eheliyagoda North
Sahan Nissanka,198217270608,0725916895,Hinguragala Ihala
Sunimal Muralitharan,312436359V,0774413656,Aluthgoda 713/A
Vimal Bandara,197598912054,0752174780,Nintavur North 121/A
Priyantha Kumaratunga,791821320V,0774684062,Gampola North 589/C
Danushka Premadasa,276023769V,0709707111,Kalutota Ihala 432/C
Mangala Samarawickrama,653221998V,0702804683,Hali-Ela North 261
Gayan Wellalage,196165837818,0757509202,Ihaladeniya Central 981
Rumesh Chandimal,198599524377,0755698426,Trincomalee Central 481
Chamika Rajapaksa,923038310V,0711682821,Kahawatta North 19/A
Mahela Senanayake,195812964589,0787847023,Waliwatta North 845/C
Dasun Kumaratunga,154618385V,0769792764,Deraniyagala East 654/C
Nimal Karunaratne,253782774V,0753743652,Malimbada Ihala
Dimuth Embuldeniya,139629568V,0749206083,Paranakaduwa Pahala 358/B
Priyantha Karunaratne,197076528477,0747460825,Medagamuwa West 841/B
Pathum Kumaratunga,578836747V,0762716863,Mahagala
Amal Dissanayake,799169226V,0719543743,Hingurakanda Pahala
Mangala Gunaratne,597713083V,0719481784,Sudukaduwa North 653/C
Nilantha de Silva,178054039V,0723736320,Eheliyagoda Ihala 424
Roshan Herath,197929733395,0705608272,Ratuhena West 802/C
Bhanuka Vandersay,515725094V,0785345859,Digakumbura North
Susil Herath,199147691136,0753783803,Kalugama West 585/A
Thilak Perera,196497164720,0729597726,Ratnapura South 909/C
Dilan Hasaranga,338726589V,0769529809,Bulathkohupitiya East 890/A
Niroshan Muralitharan,278608811V,0744972376,Akuressa Ihala
Danushka Mathews,240509281V,0741911262,Mutur Ihala 15/A
Suranga Dickwella,976342629V,0769843263,Mahagamuwa North
Pradeep Thirimanne,199751407938,0757473341,Weligama South
Sanka Fonseka,949782927V,0717911036,Sudugamuwa West 439/B
Dinesh Bandaranaike,328267481V,0746880197,Medawachchiya West 283/C
Chamara Gunawardena,199667839469,0705016468,Maruthankarney Ihala
Bhanuka Premadasa,226390064V,0703951460,Nattandiya Pahala
Kapila Embuldeniya,101392333V,0783074060,Galhena East 793/A
Sandun Silva,551040421V,0747231460,Ratugedara Central 81/C
Susil Atapattu,196548698850,0726098475,Kudapura Pahala
Mangala Premadasa,199160976126,0773547091,Paranahena East 188/B
Charith Madushanka,288419953V,0763967509,Kesbewa East 374/C
Yasas Herath,842802684V,0745438742,Galmulla Pahala
Roshan Madushanka,262479804V,0747320908,Sududeniya Ihala 676
Prasanna Chameera,942798801V,0713701479,Ginitota Ihala 44/A
Ruwan Karunaratne,789823896V,0712147420,Udawela Central
Kamal Thirimanne,971847063V,0743093675,Rukkanda West
Lasith Rajitha,197956265615,0779950859,Walallawita South 572/A
Sudeepa Dissanayake,197346973693,0752682121,Thalahena East 82/B
Nilantha Jayawickrama,199550361101,0767160809,Batawela West 234/A
Anil Rajapaksa,199014237455,0718883625,Aluthkaduwa West 414/C
Chandana Karunaratne,390780298V,0747794239,Kebithigollewa East
Dilshan Udana,585012489V,0776042700,Kalutota Pahala
Yasas Jayasuriya,199042522604,0781484516,Batapitiya Pahala
Lasantha Mathews,199419947784,0789017287,Pelmadulla West 241/A
Suranga Jayawickrama,389935571V,0746684990,Ihalagedara 64/B
Dasun Wellalage,466288052V,0719744915,Udagamuwa North 133/B
Malith Chameera,627949601V,0781114195,Pallekanda Central 825
Susantha Dissanayake,199020750632,0724513386,Baddegama West 950/A
Mahela Hasaranga,196611231730,0768975497,Kalupura East 110/A
Sameera Chandimal,769059771V,0721190934,Pannala Central
Dushmantha Senanayake,848463281V,0709283458,Giriulla East 84
Randika Rajitha,302078959V,0718075962,Galkaduwa Central 425/C
Vimal Gunaratne,196566118307,0742178416,Giriulla Central 775
Chathura Jayawickrama,543790858V,0781905627,Badulla West 46/B
Pubudu Atapattu,280548689V,0789780854,Waligamuwa East 577/C
Kumar Lakmal,198150219843,0752118085,Matara East 966
Chamara Jayawardena,974059603V,0742306920,Ridimaliyadda West 370/C
Angelo Bandara,323462461V,0773857485,Karachchi North 659
Chandana Premadasa,197626031222,0747744728,Puthukkudiyiruppu Ihala
Nuwan Bandaranaike,649536994V,0759058825,Galkumbura South 339
Dimuth Jayasuriya,872382892V,0781196204,Pahalaoya South
Sujith Madushanka,199841131838,0753352457,Welikanda Pahala 393/A
Danushka Mendis,200378345990,0701150452,Homagama North 998/A
Tharindu Premadasa,800676435V,0704854943,Dambulla South 976
Suranga Senanayake,197533276034,0724048803,Ginigama 267/C
Suranga Bandara,527565161V,0748509615,Dompe Central 463
Nimal Embuldeniya,114753665V,0789218948,Puttalam West 63/A
Suranga Asalanka,195480392591,0711678847,Pasgoda
Nipun Lakmal,144595066V,0707887666,Thunukkai Pahala 41
Kelum Karunaratne,196949790019,0725767616,Ruwanwella West 896/B
Heshan Malinga,197486150861,0754472250,Medakanda Ihala 758/C
Kavindu Muralitharan,199011029190,0787924373,Ukuwela Pahala 989
Chamara Dananjaya,873175707V,0773410824,Udagama Ihala 926
Sanka Rajitha,199160359908,0761227291,Wilgamuwa Central 902
Krishantha Senanayake,267500946V,0772078272,Mundel Central 160/A
Chamara Muralitharan,197014336883,0758895718,Pahalawatta Central 49
Tharindu Kumaratunga,197516567656,0758997290,Batukaduwa Ihala
Thilak Jayawickrama,793737215V,0718119897,Ihalagedara North 739
Upul Gunawardena,198357605263,0749002486,Aluthdeniya West 8/B
Rumesh Embuldeniya,978534812V,0718102324,Ihalagama East 639
Vimal Malinga,868710944V,0768549553,Nattandiya Central
Sameera Kumaratunga,197257124163,0748579548,Ginitota 737/A
Maheesh Sirisena,199019632261,0746847173,Ibbagamuwa East 698/B
Sandun Premadasa,195155475594,0764322937,Kuchchaveli 661
Amila Karunaratne,196767597188,0717360942,Pahalawatta West
Dimuth Sandakan,197210153800,0725654042,Mahara Central 792/C
Malith Senanayake,199464576757,0726848974,Kudatota West 943/B
Kusal Herath,197830043706,0773186396,Rukpura 238
Lasantha Wickremesinghe,198293328346,0715358093,Madulla Pahala 758/B
Dilan Gunawardena,905539436V,0745575879,Weligama 455
Upul Atapattu,299593290V,0769955344,Matara East 189/A
Ruwan Kumaratunga,199665220011,0787917416,Beruwala West 626/B
Namal Premadasa,200426804127,0708703054,Beruwala 8/C
Samantha Mendis,507459209V,0718882796,Rukhena Ihala 930
Thilak Mathews,198546834281,0701707543,Puttalam South 524/A
Dilshan Wickremesinghe,554128392V,0763598651,Elahera 151
Sanjeewa Kumaratunga,936885524V,0765854710,Pallemulla North 718/B
Heshan Wickremesinghe,434216899V,0754769029,Weeraketiya Ihala 913/B
Sameera Jayawickrama,594427431V,0775092185,Malimbada West 582/C
Dimuth Wellalage,262681861V,0766011882,Thalagama West 88/A
Thilak Fonseka,415828069V,0783369699,Manthai West North
Kumara Premadasa,199188877579,0781173335,Ruktota Pahala 114
Kamal de Silva,538353237V,0779233950,Batugama Central 721/C
Anil Silva,427467284V,0712049994,Batahena Central
Nuwan Senanayake,307133541V,0728211702,Thalapura 95/C
Isuru Vandersay,196898141377,0718086996,Pallegama West 84/C
Dimuth Senanayake,954926690V,0715246331,Pahalakaduwa Pahala
Kumar Nissanka,448513671V,0753675922,Rukgala East
Gayan Chameera,200168446404,0729906886,Digakanda East 517
Chandana Udana,198626033674,0786018833,Maho Ihala 392/B
Kamal Senanayake,433212303V,0724103491,Thawalama North 818/B
Asela Madushanka,531180920V,0747766486,Sudukumbura Pahala 165/B
Susil Udana,473084084V,0721279187,Nuwara Eliya Ihala 309
Yasas Premadasa,733238803V,0759440184,Gampaha West 521/A
Janaka Shanaka,198089679376,0754671930,Aluthwela East 570
Priyantha Lakmal,591809378V,0776857584,Batakaduwa East 146/B
Anil Bandaranaike,538422878V,0772123315,Pahalagoda 455/B
Dinesh Samarawickrama,667322369V,0756603808,Paranapitiya 630
Lasantha Liyanage,199181203626,0713833652,Sudukaduwa Pahala 751
Pathum Asalanka,197968191336,0762313308,Kalugoda West 10/C
Sahan Fernando,325080995V,0716071935,Bandarawela Pahala
Wanindu Senanayake,197949869877,0788847645,Porativu East 534
Charith Dissanayake,129770509V,0753316571,Galnewa 346
Lahiru Asalanka,404231038V,0711945477,Udapitiya Ihala 315/C
Vimal Asalanka,159256353V,0743551682,Hali-Ela North 145/B
Chamika Nissanka,534339373V,0712080859,Gampola North 154/B
Dilan Liyanage,198141243197,0706835172,Pathahewaheta Pahala 295/B
Namal Fonseka,200016904240,0703700812,Thamankaduwa East 253
Chathura Mendis,199337813319,0751432080,Palleoya East
Angelo Sirisena,483742318V,0787962090,Mahahena West 145/C
Pathum Bandara,276432751V,0724074695,Beliatta Ihala
Namal Shanaka,200040872075,0776567009,Pannala 397/C
Nipun Udana,825551068V,0705651457,Mahagama North 430/C
Nuwan Silva,198944804978,0741646668,Paranakanda South 854/C
Krishantha Kumaratunga,155452737V,0789060296,Lunugamvehera Ihala 23/C
Rumesh Sirisena,725893947V,0707223210,Pahalamulla Central
Nishantha Dananjaya,880758030V,0741402347,Ginigamuwa Ihala
Lahiru Madushanka,151852908V,0762189694,Alawwa East
Janaka Herath,198030324823,0727357087,Vengalacheddikulam East
Priyantha Malinga,775255117V,0726305035,Nattandiya East 524
Thushara Theekshana,753760053V,0751534702,Medapura Pahala 177/B
Chaminda Premadasa,197995415206,0719043729,Thalahena West 834
Asanka Senanayake,842244406V,0724873602,Kothmale East 508
Wanindu Jayawickrama,404576438V,0726463925,Medapura Ihala
Susantha Silva,643398640V,0747280091,Walallawita West
Wasantha Dickwella,195030791643,0759896637,Medawela Central 864/A
Dushmantha Rajitha,488882216V,0752423868,Lahugala Pahala 57/C
Dinesh Perera,537684880V,0775529628,Medadeniya North 984
Thushara Chandimal,200433414293,0716936430,Ihalagedara North
Chandana Dissanayake,994345763V,0718393748,Okewela West
Mahela Thirimanne,377172921V,0744745335,Kudawatta North 836/A
Kamal Herath,199323679374,0763939785,Uduvil East 313/B
Wasantha Jayawardena,195490114349,0727111374,Giniwatta Central
Suranga Kumaratunga,843599056V,0787984809,Pannala South 78
Dushmantha Dissanayake,200091486166,0702867823,Ihaladeniya Ihala 196/B
Kumar Herath,386887654V,0746874323,Rukhena Central 826
Chinthaka Fernando,141964529V,0718555577,Mawanella South 712/C
Ruwan Fernando,195035366790,0746204657,Pahalawela Central 396/A
Kamal Bandaranaike,196743340079,0771933381,Kudatota South 142/C
Bhanuka Madushanka,226128091V,0782431425,Lankapura Central 451
Dushmantha Fonseka,862965415V,0758544557,Rukkanda Pahala
Asela Kumaratunga,198296082393,0761579477,Uduvil Pahala 373/B
Sunil Bandara,832218696V,0748465979,Hingurahena Pahala 16/B
Sunil Fonseka,196133684984,0757279248,Pahalagamuwa Pahala
Priyantha Muralitharan,199111124509,0714573992,Kaluoya East 510/C
Susil Hasaranga,895937396V,0765409289,Thalahena 49/A
Samantha Nissanka,402465795V,0762395225,Galgamuwa Central 417/A
Nimal Chandimal,197713308656,0756579119,Aluthgoda Central 57/A
Lasith Perera,994298556V,0762144743,Bope-Poddala West 16
Chathura Nissanka,506889537V,0775993115,Hatton Ihala 49/A
Bhanuka Dissanayake,930117833V,0728124378,Ihalawela 310/C
Chamara Senanayake,200087556341,0769423469,Mahaoya Ihala 329/B
Chathura Kumaratunga,947475310V,0754811137,Imaduwa South 831/B
Ajith Sirisena,197724336861,0773991273,Palleoya East 202/A
Chamika Shanaka,668189827V,0779247624,Ratuwatta Central 536/B
Kumara Chameera,917607027V,0763871139,Wellawaya East 283/C
Darshana Bandara,195118775716,0783147211,Batutota West
Darshana Vandersay,250202875V,0712700691,Walipura 646
Kavindu Senanayake,145474840V,0767346430,Kudadeniya East 147/B
Sudeepa Gunawardena,199462453401,0779188971,Vavuniya West 21
Thilak Perera,199558560715,0724877623,Medahena West 633
Kumara Wickremesinghe,195249886587,0701904803,Digagama Central 361/A
Manjula Gunawardena,200394737015,0771963838,Medawatta West 718/A
Angelo Bandaranaike,361372942V,0758691702,Kiriella Pahala 358/B
Dilan Silva,195568272449,0784748910,Udunuwara
Ajith Atapattu,648380575V,0776822478,Udakaduwa
Dinesh Karunaratne,195641623280,0725071937,Rukgoda West 678/A
Samantha Herath,196415401501,0714683893,Ginikanda North
Asela Premadasa,818550128V,0783304010,Sudutota South 641/C
Isuru Dananjaya,427467361V,0712982755,Galigamuwa West
Charith Vandersay,198295089282,0705906425,Medagama Ihala 540/B
Sudeepa Muralitharan,198189483042,0713011414,Mutur West 423/A
Malith Shanaka,731993620V,0729157536,Suduwatta North
Dimuth Jayawickrama,415865284V,0786932756,Attanagalla South 616/C
Chamika Fernando,839027787V,0786871764,Pottuvil West 3
Bimal Jayawardena,200130156113,0728519445,Paranapura East 406/C
Rumesh Vandersay,195077353831,0722069700,Soranathota Pahala 713/A
Sanjeewa Malinga,220603188V,0711684304,Verugal North 96/A
Thushara Bandara,429872176V,0785239078,Kalugala Central 95/B
Amila Silva,196225202223,0714012794,Verugal 476/C
Chamara Jayawickrama,197241663994,0779650029,Pallekanda East 405/B
Malith Fernando,196194267301,0788872056,Kilinochchi West 570/B
Sanka Hasaranga,199355893795,0777389840,Waligamuwa South
Charith Herath,907659283V,0722967217,Paranaoya West 242/A
Janaka Premadasa,199766710460,0752992511,Ambanganga South 625/B
Yasas Karunaratne,289778867V,0728397688,Udadeniya 678/A
Chamara Fernando,267917538V,0742610500,Kaluhena East 830/C
Thilak Sandakan,666728247V,0725004199,Walikumbura East
Susantha Vandersay,269893726V,0746256042,Kuchchaveli North 369/B
Sanath Wellalage,195036552227,0705758585,Imbulpe South 253/B
Asanka Fonseka,677150035V,0747647989,Batuoya 767
Chaminda Sandakan,578270801V,0746341934,Batupitiya Pahala 404/A
Susantha Fonseka,370852807V,0765040415,Aluthoya East 476/B
Yasas Chandimal,195270618377,0705272951,Nawalapitiya Central 471/A
Nilantha Chandimal,571462289V,0726315182,Udakanda South
Upul Fernando,200297305795,0741333836,Vavuniya South South 297/A
Kasun Chameera,882778129V,0758021124,Kurunegala North 161/C
Chandana Udana,453932187V,0777511606,Tellippalai Pahala 582/B
Amal Lakmal,130980722V,0774413284,Madhu West 715
Chathura Bandara,199648772811,0779866674,Mahapura
Sahan Vandersay,106167687V,0729479713,Waligamuwa East
Lasantha Asalanka,235377676V,0788854516,Ginipura Ihala 866/C
Angelo Madushanka,755560985V,0754137111,Thalahena South 972/C
Yasas Perera,195378504143,0763447918,Galmulla East 732
Samantha Samarawickrama,236830710V,0763883002,Ihalagamuwa North 34/A
Sandun Karunaratne,409270339V,0723897024,Kalukanda South 10/C
Wasantha Liyanage,196257430533,0748767726,Pallepura North 497/B
Isuru Vandersay,143771132V,0758731524,Ambalantota Ihala 493/C
Manjula Bandara,281720852V,0766746494,Nawalahena South 221/A
Pubudu Fernando,281195824V,0708527796,Kattankudy West 499/B
Chathura Mendis,771651066V,0724488678,Pottuvil 727/A
Thilak Rajapaksa,281628347V,0755528680,Kalupitiya Central
Darshana Thirimanne,668840760V,0712322534,Kalukumbura Ihala 183
Kusal Jayawickrama,548336064V,0708534694,Paranawela East 897/C
Sunimal Karunaratne,588539081V,0758534323,Vengalacheddikulam East 991/A
Niroshan Perera,402047472V,0752696133,Morawewa North 844/C
Prasanna Jayawardena,372943353V,0781588380,Kalugala Pahala 351/B
Gayan Gunaratne,198532110708,0718787076,Beruwala West 295/A
Sunimal Muralitharan,196083809789,0709554332,Kalmunai Pahala 52/A
Dinesh Mathews,980864026V,0758182303,Galwela Central 338/B
Samantha Gunaratne,512796954V,0741278466,Anuradhapura Central
Pradeep Premadasa,196348862212,0713414985,Rajanganaya North 124/C
Gayan Muralitharan,139217874V,0768734557,Udunuwara 771/C
Kumara Asalanka,195820678634,0714208764,Manmunai Pahala 872/A
Sameera Lakmal,669583445V,0756436989,Pahalagala North 235/B
Wanindu Madushanka,701806346V,0757300219,Hinguragedara Pahala 479/B
Nilantha Karunaratne,196431143950,0785386827,Bulathkohupitiya West 529
Charith Fonseka,199180483624,0754093808,Walapane Central 600/A
Kapila Dananjaya,199316122758,0786223052,Ratuwatta Central 472
Kasun Hasaranga,862905123V,0717390375,Digadeniya Ihala 798/C
Sunil Nissanka,413435392V,0755763745,Aranayaka Central 898/B
Sujith Theekshana,199385677215,0726065444,Sudukumbura West 339
Asanka Fonseka,196776476873,0701933593,Hinguragamuwa Ihala 835/B
